timestamp,frame,x,y,z,qx,qy,qz,qw,fx,fy,cx,cy,distortion_center_x,distortion_center_y
67375.597600791,0,-0.05501351510936389,0.019246144,0.24518254733559935,0.71036303,-0.58647335,-0.07790033,0.38126758,1597.8881,1597.8881,955.3694,717.7071, , 
67375.614270041,1,-0.047238664625612665,0.019177599,0.24641857346598148,0.7087146,-0.5875125,-0.08093561,0.3821022,1597.8881,1597.8881,955.36646,717.7111, , 
67375.630939333,2,-0.05422455121387726,0.019129403,0.24527497693743106,0.7071801,-0.5883497,-0.083476745,0.38310897,1597.8881,1597.8881,955.36414,717.71533, , 
67375.680947291,3,-0.053763959704803195,0.019260399,0.2433822283821352,0.70585245,-0.58915436,-0.08375125,0.3842591,1597.8881,1597.8881,955.363,717.72205, , 
67375.714285833,4,-0.05416687292103156,0.019889282,0.24140759928536298,0.7077019,-0.5883407,-0.0809708,0.38269684,1597.8881,1597.8881,955.3652,717.7171, , 
67375.730955166,5,-0.05706999395625682,0.020183178,0.24370095854420037,0.7088677,-0.587698,-0.07998362,0.38173312,1597.8881,1597.8881,955.3659,717.7135, , 
67375.764293625,6,-0.060249451105348836,0.020544888,0.23639113354762648,0.7100505,-0.58694893,-0.07932213,0.38082433,1597.4362,1597.4362,955.36646,717.7081, , 
67375.780962958,7,-0.05473492759342088,0.020486787,0.24376214721520362,0.7099986,-0.58688444,-0.07948719,0.38098612,1597.4362,1597.4362,955.36646,717.7079, , 
67375.79763225,8,-0.056143001660835315,0.020330347,0.2430476984791481,0.70976746,-0.5868358,-0.07976078,0.38143432,1597.4362,1597.4362,955.36646,717.70844, , 
67375.83097075,9,-0.06403285918903658,0.019783538,0.24113966400567619,0.70925933,-0.58655864,-0.07996327,0.38276115,1597.4362,1597.4362,955.3673,717.7103, , 
67375.847640083,10,-0.05153930103686344,0.019416481,0.23578264512013905,0.7090451,-0.5863545,-0.0799386,0.38347515,1597.8881,1597.8881,955.36786,717.71106, , 
67375.880978708,11,-0.05663329328274423,0.018495299,0.24280905841639758,0.7087283,-0.58590555,-0.079350114,0.38486677,1597.8881,1597.8881,955.3695,717.7125, , 
67375.897647833,12,-0.06234907154127352,0.017977633,0.2363306328704107,0.70870274,-0.585508,-0.07869572,0.38565248,1597.8881,1597.8881,955.3708,717.713, , 
67375.91431725,13,-0.05792548517736324,0.017489053,0.23974154143304027,0.7087959,-0.5850359,-0.07787265,0.38636407,1597.8881,1597.8881,955.3726,717.71313, , 
67375.947655833,14,-0.06312172551996166,0.016965704,0.2311634408626249,0.7091194,-0.58430535,-0.07637352,0.38717434,1597.8881,1597.8881,955.3752,717.71246, , 
67375.964325166,15,-0.06237227855621108,0.016737493,0.23586558852331707,0.70929605,-0.58412486,-0.0758609,0.38722387,1597.8881,1597.8881,955.3761,717.7119, , 
67375.997663625,16,-0.0605403469664424,0.01637286,0.23411234158160474,0.70943475,-0.584136,-0.07520379,0.3870811,1597.8881,1597.8881,955.3766,717.7114, , 
67376.014332958,17,-0.06699790439941902,0.016248124,0.233550641296894,0.70940787,-0.5841585,-0.074963205,0.387143,1597.8881,1597.8881,955.37695,717.7117, , 
67376.031002291,18,-0.061988437456812207,0.01605346,0.23337369593009216,0.70936495,-0.5842315,-0.074905604,0.3871228,1597.8881,1597.8881,955.37714,717.71173, , 
67376.064340791,19,-0.06015486301582885,0.016037192,0.24026318519242698,0.7091884,-0.5845414,-0.07493106,0.38697356,1597.8881,1597.8881,955.37695,717.7122, , 
67376.081010125,20,-0.06063165581780164,0.01609534,0.23477993244579246,0.709035,-0.58477914,-0.0751926,0.38684475,1597.8881,1597.8881,955.37646,717.7126, , 
67376.114348791,21,-0.06590968554589731,0.016242767,0.23587531213031845,0.708784,-0.5853041,-0.075980514,0.38635644,1597.8881,1597.8881,955.3752,717.7131, , 
67376.131017958,22,-0.06235020597572482,0.016579159,0.24098129339117366,0.7087224,-0.58537906,-0.07619249,0.3863141,1597.8881,1597.8881,955.3744,717.71326, , 
67376.14768725,23,-0.07006355820254662,0.016740859,0.2302487946926386,0.7087233,-0.58550984,-0.07625607,0.38610166,1597.8881,1597.8881,955.374,717.71326, , 
67376.181025958,24,-0.06594125778203061,0.016785659,0.23898050994289058,0.70883036,-0.58584243,-0.07595556,0.3854595,1597.8881,1597.8881,955.37354,717.71277, , 
67376.197695041,25,-0.06423526420367998,0.016655495,0.23320066277188842,0.70884967,-0.5860236,-0.075547375,0.38522863,1597.8881,1597.8881,955.37354,717.7127, , 
67376.23103375,26,-0.06979889921745919,0.016221598,0.23191404322579945,0.7085499,-0.58653575,-0.07438617,0.38522658,1597.8881,1597.8881,955.37427,717.7142, , 
67376.247703083,27,-0.0661557777720905,0.015944786,0.23219178972816795,0.70832616,-0.5867196,-0.07376148,0.38547808,1597.8881,1597.8881,955.3747,717.71515, , 
67376.264372333,28,-0.06092179020305101,0.015504204,0.22762330243983397,0.70816183,-0.5868194,-0.07302554,0.38576823,1597.8881,1597.8881,955.3754,717.71594, , 
67376.297710875,29,-0.05867123672089648,0.014257282,0.22754847623548163,0.7078904,-0.58675396,-0.07101456,0.38673997,1597.8881,1597.8881,955.3781,717.71783, , 
67376.314380166,30,-0.0644022459685677,0.013436623,0.22819120565362802,0.70779186,-0.58656603,-0.069546945,0.38747147,1597.8881,1597.8881,955.3798,717.7188, , 
67376.347718666,31,-0.06452224041329797,0.01179076,0.228631357278637,0.70775235,-0.5857874,-0.06625579,0.38929406,1597.4362,1597.4362,955.3852,717.7207, , 
67376.364388041,32,-0.06999635493905404,0.010683782,0.23185419314565786,0.7076999,-0.58541906,-0.06476721,0.39019307,1597.4362,1597.4362,955.3875,717.72144, , 
67376.381057333,33,-0.07079414486092295,0.009451612,0.23233583964817153,0.7075664,-0.5850818,-0.06332987,0.39117575,1597.8881,1597.8881,955.3906,717.7228, , 
67376.414395791,34,-0.07116652604042235,0.0067737186,0.22650192611557876,0.70710564,-0.5846358,-0.060240913,0.3931584,1597.8881,1597.8881,955.3954,717.72565, , 
67376.431065208,35,-0.06496647951028484,0.0053795693,0.22798010473559535,0.7067781,-0.5847312,-0.0583376,0.3938919,1597.8881,1597.8881,955.39777,717.72723, , 
67376.4477345,36,-0.06380286181332694,0.0040011033,0.22733190785799398,0.70643264,-0.58499974,-0.05610801,0.3944364,1597.8881,1597.8881,955.4011,717.72955, , 
67376.481073166,37,-0.06624004495870237,0.0014328957,0.22334128461197503,0.70577526,-0.586185,-0.050728556,0.39458203,1597.4362,1597.4362,955.4061,717.7335, , 
67376.497742291,38,-0.06670548995693583,0.00031582915,0.22367214227839705,0.70546997,-0.5871024,-0.048053104,0.39409864,1597.4362,1597.4362,955.4088,717.73596, , 
67376.514411666,39,-0.060775526694761384,-0.0006824434,0.22020906366151932,0.70514077,-0.58820236,-0.045744363,0.39332154,1597.4362,1597.4362,955.41016,717.7377, , 
67376.54775025,40,-0.0568722812446959,-0.0025098315,0.2220823408648777,0.70449346,-0.591009,-0.042122874,0.39066982,1597.4362,1597.4362,955.4104,717.7413, , 
67376.564419625,41,-0.05592331507067032,-0.0032672063,0.21875240268250126,0.7042032,-0.5926107,-0.040427968,0.38894224,1597.4362,1597.4362,955.40985,717.74255, , 
67376.597758125,42,-0.0465019006385962,-0.0048239008,0.21705979373261025,0.7038422,-0.59567225,-0.035951894,0.38534167,1597.4362,1597.4362,955.40924,717.7444, , 
67376.614427458,43,-0.04760608737319985,-0.0057237,0.2161583980399564,0.7036835,-0.5971544,-0.032861494,0.38360953,1597.4362,1597.4362,955.4103,717.7457, , 
67376.631096833,44,-0.04394555266700499,-0.0070092306,0.2142831895283248,0.70354265,-0.5986561,-0.029246474,0.38181564,1597.4362,1597.4362,955.41156,717.7467, , 
67376.664435333,45,-0.03939950840127921,-0.009375773,0.20785265184231058,0.70355046,-0.6015875,-0.02061907,0.37773553,1597.8881,1597.8881,955.4162,717.7483, , 
67376.681104625,46,-0.03146054544834843,-0.0105899535,0.20380951203146025,0.70365673,-0.60302436,-0.016098088,0.37545928,1597.8881,1597.8881,955.41833,717.74854, , 
67376.697773875,47,-0.023319342707108198,-0.011837959,0.20535523080875887,0.70375174,-0.604576,-0.011516171,0.37294602,1597.8881,1597.8881,955.4203,717.7486, , 
67376.731112458,48,-0.017314787937071974,-0.014504597,0.1988823007755953,0.7035925,-0.60797536,-0.0016882055,0.36785957,1597.8881,1597.8881,955.42505,717.74963, , 
67376.74778175,49,-0.012114982199145873,-0.015853927,0.1961636582694062,0.70335126,-0.6096505,0.0036485693,0.365527,1597.4362,1597.4362,955.42773,717.7504, , 
67376.764451041,50,-0.005716629388841392,-0.01720966,0.19437167743623915,0.70292044,-0.61132306,0.009088426,0.36346164,1597.4362,1597.4362,955.4321,717.75226, , 
67376.781120416,51,-0.0006905470203872974,-0.018537637,0.1893462163809909,0.7023392,-0.6130279,0.014402306,0.36153722,1597.4362,1597.4362,955.43555,717.7541, , 
67376.814458916,52,0.011723741559920363,-0.02093621,0.18619964603671352,0.7010652,-0.6165879,0.024339601,0.3573996,1597.4362,1597.4362,955.4424,717.7584, , 
67376.831128208,53,0.018035106907356088,-0.022159137,0.18305650571240337,0.70039976,-0.61852974,0.028898314,0.35500127,1597.8881,1597.8881,955.44446,717.7601, , 
67376.847797541,54,0.024749266044402488,-0.02330025,0.1760625643360115,0.6996063,-0.62056106,0.03300915,0.35265476,1597.8881,1597.8881,955.4462,717.762, , 
67376.881136083,55,0.03389607763155999,-0.025282297,0.17278738717646117,0.697415,-0.62493676,0.040058434,0.34851354,1597.8881,1597.8881,955.44904,717.7684, , 
67376.897805416,56,0.044163756838859855,-0.026241075,0.16506698994726085,0.69606394,-0.627307,0.043096032,0.34658858,1597.8881,1597.8881,955.4497,717.7721, , 
67376.914474791,57,0.0456399972235088,-0.027175605,0.16627068297529163,0.69471115,-0.6297357,0.04594206,0.34452674,1597.8881,1597.8881,955.4502,717.77594, , 
67376.931144041,58,0.05853507648923019,-0.028048038,0.16248869703138888,0.69350797,-0.6320889,0.04869729,0.3422555,1597.8881,1597.8881,955.4503,717.7804, , 
67376.947813291,59,0.06139144565483586,-0.028887974,0.15682077669745795,0.692454,-0.6343239,0.051516805,0.3398335,1597.8881,1597.8881,955.4503,717.7831, , 
67376.964482541,60,0.07249452358142465,-0.029742716,0.15550650770063382,0.6914489,-0.63641876,0.0543911,0.33750734,1597.8881,1597.8881,955.4505,717.7855, , 
67376.997821208,61,0.08948464919075014,-0.031673003,0.14728986298374458,0.68920934,-0.6403725,0.060268976,0.3335882,1597.8881,1597.8881,955.45215,717.79175, , 
67377.014490416,62,0.09462285371678601,-0.03275767,0.1409772437144739,0.6879235,-0.64226,0.06301988,0.33210224,1597.8881,1597.8881,955.4533,717.7951, , 
67377.03115975,63,0.10387279450004483,-0.033662483,0.12996111784307648,0.68675476,-0.64394647,0.06552187,0.33076853,1597.8881,1597.8881,955.45496,717.79944, , 
67377.047829041,64,0.10651335648904238,-0.034562472,0.13132832844337136,0.68574446,-0.6456,0.06778682,0.32918096,1597.8881,1597.8881,955.45575,717.8022, , 
67377.064498416,65,0.1168211595283465,-0.035333537,0.12700289752715666,0.6849874,-0.6472488,0.06968723,0.32711595,1597.8881,1597.8881,955.45575,717.804, , 
67377.08116775,66,0.12949731536441111,-0.035957444,0.12424554807550593,0.6843993,-0.6489198,0.0711697,0.32470837,1597.8881,1597.8881,955.4541,717.80566, , 
67377.11450625,67,0.14024567125026488,-0.03697823,0.10925017002283337,0.683035,-0.65228814,0.073451005,0.32029405,1597.8881,1597.8881,955.451,717.80853, , 
67377.131175583,68,0.15371202716727297,-0.03721479,0.10886140644406751,0.6821957,-0.65384257,0.0745116,0.31866416,1597.8881,1597.8881,955.4497,717.8113, , 
67377.147844916,69,0.15570642014196076,-0.03744351,0.10238688943912504,0.6814998,-0.65524375,0.07545587,0.31704894,1597.8881,1597.8881,955.4488,717.8131, , 
67377.164514083,70,0.16523918262788445,-0.03757775,0.09707452189026634,0.68103874,-0.6564393,0.07620792,0.3153822,1597.4362,1597.4362,955.44763,717.8144, , 
67377.181183416,71,0.17273338407802685,-0.037623867,0.08664198641252635,0.68080175,-0.6574376,0.07687357,0.313648,1597.4362,1597.4362,955.44586,717.815, , 
67377.214522041,72,0.19191245708482013,-0.03755719,0.07652478802460942,0.6808874,-0.6586387,0.07866285,0.31048268,1597.4362,1597.4362,955.4439,717.81415, , 
67377.231191416,73,0.20064003970886712,-0.037257146,0.0762383593439748,0.6812538,-0.65866274,0.08029742,0.30920708,1597.4362,1597.4362,955.4438,717.8126, , 
67377.247860583,74,0.20328418646012966,-0.037042867,0.06943241694469349,0.6817262,-0.6584684,0.082112126,0.30810106,1597.4362,1597.4362,955.4446,717.80975, , 
67377.264529916,75,0.21341677177935664,-0.036842138,0.060976173085543414,0.68223566,-0.6581407,0.083799385,0.307218,1597.4362,1597.4362,955.4455,717.80743, , 
67377.297868541,76,0.23366857539553262,-0.03636805,0.05356597769602398,0.68334526,-0.657558,0.085613936,0.3054947,1597.4362,1597.4362,955.446,717.80225, , 
67377.314537666,77,0.23515446416301677,-0.036051974,0.046004639650603425,0.683984,-0.6574274,0.08551894,0.304371,1597.4362,1597.4362,955.4446,717.80005, , 
67377.331207041,78,0.2405363150993362,-0.0356629,0.03873290228761444,0.68464684,-0.6573064,0.08503713,0.30327505,1597.4362,1597.4362,955.4426,717.7977, , 
67377.36454575,79,0.2577391970520428,-0.034986224,0.02538532790325708,0.68569094,-0.6570883,0.084204264,0.30161673,1597.4362,1597.4362,955.43854,717.7934, , 
67377.381215041,80,0.2624347232221543,-0.03475156,0.028224431196914198,0.68591326,-0.65697837,0.08422165,0.30134544,1597.4362,1597.4362,955.4381,717.7924, , 
67377.397884208,81,0.2672905775738779,-0.03455918,0.019923871859433208,0.6860117,-0.65686864,0.08451614,0.3012783,1597.4362,1597.4362,955.4382,717.7919, , 
67377.431222916,82,0.27564409047183114,-0.034126863,0.01163035784527752,0.68630946,-0.6565956,0.08592774,0.3007956,1597.4362,1597.4362,955.4393,717.7906, , 
67377.447892208,83,0.28905053686456106,-0.033885293,0.0011107793150637764,0.6866048,-0.65649676,0.08684603,0.3000728,1597.4362,1597.4362,955.43945,717.7894, , 
67377.464561375,84,0.2903272812946192,-0.033632293,0.0005130744029394672,0.6869421,-0.65643364,0.08778486,0.29916424,1597.4362,1597.4362,955.4396,717.7875, , 
67377.497900083,85,0.3024650565751878,-0.03313965,-0.0055967234460558134,0.6874643,-0.6563596,0.08953615,0.29760394,1597.4362,1597.4362,955.4396,717.78467, , 
67377.514569375,86,0.3041832218493385,-0.032969046,-0.011634134514504816,0.6875108,-0.65625167,0.090105936,0.2975625,1597.4362,1597.4362,955.4403,717.78406, , 
67377.531238708,87,0.3155510735002087,-0.032817133,-0.0177320699522814,0.68752563,-0.6559585,0.09034747,0.29810125,1597.4362,1597.4362,955.4411,717.784, , 
67377.564577208,88,0.3222699588264217,-0.03257164,-0.027964042478041785,0.6880198,-0.6547886,0.08910775,0.29990077,1597.4362,1597.4362,955.442,717.783, , 
67377.581246583,89,0.32695028772758367,-0.032464903,-0.028553449677558653,0.68848556,-0.6540367,0.087803684,0.30085537,1597.4362,1597.4362,955.4418,717.782, , 
67377.597915875,90,0.32753059393562256,-0.03241536,-0.03483436237370327,0.68892986,-0.6533407,0.08609352,0.30184367,1597.4362,1597.4362,955.4411,717.781, , 
67377.631254416,91,0.3362696555919011,-0.032601174,-0.04431813174201532,0.68919045,-0.65234894,0.082439296,0.30440286,1597.4362,1597.4362,955.43933,717.78107, , 
67377.647923708,92,0.34098612144908447,-0.032919277,-0.04923539215299432,0.68886834,-0.6520858,0.080874585,0.30611092,1597.4362,1597.4362,955.43933,717.78253, , 
67377.664593083,93,0.34484870809692,-0.033355523,-0.05548540823361801,0.68835795,-0.6519333,0.07957858,0.30791798,1597.4362,1597.4362,955.4398,717.7846, , 
67377.697931541,94,0.3493353901682492,-0.034331918,-0.06507264192329995,0.68748456,-0.65167254,0.07706657,0.31104442,1597.4362,1597.4362,955.44086,717.7895, , 
67377.714600875,95,0.3512524259430074,-0.034794092,-0.07119498620398382,0.6874028,-0.6513897,0.075800925,0.3121268,1597.4362,1597.4362,955.44073,717.79047, , 
67377.73127025,96,0.352884221058105,-0.035364382,-0.07444230147332642,0.68756586,-0.65097445,0.07466991,0.31290552,1597.4362,1597.4362,955.4403,717.7906, , 
67377.764608708,97,0.35670513804710335,-0.03637562,-0.08957968134131053,0.68809533,-0.6499352,0.072745286,0.314352,1597.4362,1597.4362,955.4396,717.7894, , 
67377.781278083,98,0.35840246327757525,-0.03697248,-0.09454518167986868,0.68832934,-0.64937425,0.07166073,0.31524676,1597.4362,1597.4362,955.43933,717.7888, , 
67377.797947333,99,0.36463566397213976,-0.037665553,-0.09720268346599494,0.68857044,-0.6487074,0.070492774,0.3163547,1597.4362,1597.4362,955.43915,717.7883, , 
67377.831285833,100,0.36722438240321537,-0.03936047,-0.11060419039968772,0.6890945,-0.6468268,0.06835092,0.3195184,1597.4362,1597.4362,955.4404,717.7873, , 
67377.847955166,101,0.36412243016675105,-0.040316053,-0.11640648753560685,0.68945026,-0.6455967,0.06756045,0.32140142,1597.4362,1597.4362,955.4418,717.78656, , 
67377.864624541,102,0.37159780714949153,-0.041245364,-0.11771305619301423,0.6900152,-0.6441944,0.06679011,0.32315877,1597.4362,1597.4362,955.4432,717.7853, , 
67377.897963208,103,0.3786738926240017,-0.042929225,-0.13532085291512314,0.69177765,-0.64107764,0.06471312,0.32599905,1597.8881,1597.8881,955.4452,717.7796, , 
67377.914632333,104,0.37618844529798107,-0.0437053,-0.1411921091854552,0.692919,-0.63946086,0.063359015,0.32701465,1597.8881,1597.8881,955.4452,717.77637, , 
67377.93130175,105,0.37278486220954765,-0.044470582,-0.15086930939792884,0.6942105,-0.6377748,0.061910097,0.32784465,1597.8881,1597.8881,955.4446,717.7711, , 
67377.964640333,106,0.38075570421645505,-0.045940667,-0.1672036502620681,0.6971645,-0.63409,0.059146143,0.3292314,1597.8881,1597.8881,955.4439,717.7619, , 
67377.981309666,107,0.3849378035669287,-0.046718672,-0.17676877611811437,0.6985356,-0.6322683,0.057661895,0.33009067,1597.8881,1597.8881,955.44354,717.75745, , 
67377.997978833,108,0.38466855579024106,-0.04752987,-0.1876227219466169,0.6997269,-0.63052166,0.056037493,0.33118662,1597.8881,1597.8881,955.4433,717.75244, , 
67378.031317458,109,0.3855910266716055,-0.048990805,-0.20176478690830532,0.70185614,-0.62718034,0.05202267,0.33367118,1597.8881,1597.8881,955.44275,717.74615, , 
67378.047986833,110,0.3938385666869024,-0.049478322,-0.21207067134173355,0.70301014,-0.625726,0.049106278,0.33441323,1597.4362,1597.4362,955.44055,717.7417, , 
67378.064655958,111,0.39560349867783595,-0.049844507,-0.21595105870068468,0.70404726,-0.6245949,0.04558322,0.33484435,1597.4362,1597.4362,955.4374,717.7385, , 
67378.081325333,112,0.39135484489565914,-0.050198503,-0.22495200085302666,0.7045961,-0.62377495,0.04203808,0.33568138,1597.4362,1597.4362,955.43427,717.73645, , 
67378.114664041,113,0.39792303631937725,-0.051045015,-0.2387585274573935,0.70377684,-0.62290376,0.036894567,0.33959967,1597.4362,1597.4362,955.43146,717.73926, , 
67378.131333208,114,0.3981842331656554,-0.05130659,-0.24396629792059862,0.7028316,-0.622676,0.034891166,0.34217653,1597.4362,1597.4362,955.4318,717.7427, , 
67378.1480025,115,0.4010442287013852,-0.05158379,-0.2528347427943578,0.701768,-0.6226008,0.03261487,0.34471184,1597.4362,1597.4362,955.432,717.7466, , 
67378.181341166,116,0.4064885145519419,-0.052098893,-0.2637084341333427,0.69963104,-0.6226696,0.027669169,0.34933284,1597.4362,1597.4362,955.4312,717.7559, , 
67378.198010541,117,0.4062397581360023,-0.052344315,-0.27078065955334457,0.6987256,-0.6225413,0.025473004,0.35153383,1597.4362,1597.4362,955.43085,717.75946, , 
67378.214679625,118,0.4055784860336911,-0.052565545,-0.2774548491737371,0.6980841,-0.6220864,0.023657834,0.35373345,1597.4362,1597.4362,955.4312,717.763, , 
67378.248018375,119,0.4062403830553508,-0.05315553,-0.2921459036524381,0.6974567,-0.62035877,0.021484727,0.35811666,1597.4362,1597.4362,955.43353,717.76587, , 
67378.264687708,120,0.4072218393621665,-0.053484112,-0.3007985930551787,0.69727945,-0.6193449,0.020919919,0.36024386,1597.4362,1597.4362,955.4361,717.767, , 
67378.281356875,121,0.410998355482801,-0.053849686,-0.30997595312295195,0.697174,-0.61818045,0.020620132,0.36245838,1597.4362,1597.4362,955.4384,717.7677, , 
67378.3146955,122,0.4174217536295949,-0.054602392,-0.3206865270063804,0.697318,-0.61546296,0.020762436,0.3667722,1597.8881,1597.8881,955.4453,717.76776, , 
67378.331364791,123,0.4163628126091067,-0.05522009,-0.3298298756748072,0.69744104,-0.61419827,0.020801108,0.36865133,1597.8881,1597.8881,955.44794,717.7676, , 
67378.348034166,124,0.4172987899383098,-0.055731833,-0.3364629509889235,0.69734687,-0.613092,0.020579956,0.37067777,1597.8881,1597.8881,955.4504,717.7679, , 
67378.381372625,125,0.4214070145714376,-0.056836,-0.34801369910549185,0.6965231,-0.6108075,0.02006568,0.3759884,1597.4362,1597.4362,955.4573,717.77124, , 
67378.398042,126,0.4225214485872086,-0.05745089,-0.3590501874964063,0.6958766,-0.6095794,0.019976161,0.37916973,1597.4362,1597.4362,955.46124,717.7736, , 
67378.414711291,127,0.4258663600576834,-0.058050238,-0.36704112511201065,0.69521034,-0.60837877,0.019772423,0.3823179,1597.4362,1597.4362,955.46643,717.777, , 
67378.431380458,128,0.4227444552618842,-0.058636867,-0.3670772517836646,0.69464195,-0.60730636,0.019270526,0.38507167,1597.4362,1597.4362,955.4696,717.7793, , 
67378.464719125,129,0.4241403969963828,-0.059588548,-0.3741123744469633,0.6938905,-0.60567963,0.017217347,0.3890651,1597.4362,1597.4362,955.47296,717.7825, , 
67378.4813885,130,0.4308810298511181,-0.060063105,-0.38156975608201504,0.69361013,-0.6050677,0.016055884,0.3905641,1597.4362,1597.4362,955.47375,717.7838, , 
67378.498057833,131,0.4308300785369429,-0.060626246,-0.3792786665658579,0.6932181,-0.6044681,0.015090031,0.39222348,1597.4362,1597.4362,955.4745,717.7851, , 
67378.53139625,132,0.443602774162557,-0.062037405,-0.4055399191119322,0.69195485,-0.6030152,0.01389512,0.39670908,1597.8881,1597.8881,955.4791,717.7902, , 
67378.548065625,133,0.44054126941931643,-0.06287085,-0.4088931550711628,0.6912282,-0.60214776,0.0134229055,0.39930135,1597.8881,1597.8881,955.48206,717.79285, , 
67378.564734958,134,0.44250640996402524,-0.0637163,-0.4194518128159639,0.69065756,-0.601122,0.012775408,0.40184727,1597.4362,1597.4362,955.4848,717.79517, , 
67378.598073458,135,0.443078087896493,-0.065341294,-0.4263069229705397,0.69004744,-0.5984516,0.010022264,0.40692714,1597.4362,1597.4362,955.48944,717.7982, , 
67378.614742708,136,0.4508297580985806,-0.06618612,-0.4236381806978584,0.68983334,-0.5969689,0.007992613,0.40950495,1597.4362,1597.4362,955.4906,717.7991, , 
67378.631412125,137,0.4503378935971643,-0.067070596,-0.4296887788884248,0.6896653,-0.59537476,0.005644534,0.41213927,1597.4362,1597.4362,955.4918,717.8002, , 
67378.664750583,138,0.46023909678971664,-0.06907432,-0.44851975447406767,0.6892856,-0.59155846,0.0005994854,0.41826266,1597.4362,1597.4362,955.49426,717.80176, , 
67378.681419958,139,0.46192074309304404,-0.070142366,-0.4522521598732786,0.6891093,-0.58942306,-0.0020002986,0.4215504,1597.4362,1597.4362,955.49634,717.8026, , 
67378.698089291,140,0.4597336616983615,-0.071167976,-0.45956088188941174,0.68902737,-0.58727956,-0.004878877,0.42464143,1597.4362,1597.4362,955.4974,717.80304, , 
67378.731427708,141,0.46904260932051156,-0.07276533,-0.47230960544942496,0.6897078,-0.5828179,-0.011521231,0.42952743,1597.4362,1597.4362,955.4967,717.80035, , 
67378.748097041,142,0.4626970216870049,-0.07336137,-0.4746081178095614,0.6902796,-0.58061033,-0.01520707,0.4314793,1597.4362,1597.4362,955.4953,717.79803, , 
67378.764766333,143,0.47209960560367836,-0.07387964,-0.4804676537641903,0.6907755,-0.5786538,-0.018968461,0.43316174,1597.4362,1597.4362,955.4934,717.7957, , 
67378.78143575,144,0.4813072645874833,-0.074336246,-0.48482876466325653,0.6910861,-0.57700306,-0.022784984,0.43468186,1597.4362,1597.4362,955.49097,717.7939, , 
67378.81477425,145,0.4872411840846057,-0.07496522,-0.49546994674249367,0.69147944,-0.5739814,-0.030675067,0.43756214,1597.8881,1597.8881,955.4849,717.7905, , 
67378.8314435,146,0.48926265266538954,-0.07488359,-0.4995095099427658,0.691831,-0.57260436,-0.035186283,0.4384701,1597.8881,1597.8881,955.4812,717.7885, , 
67378.848112875,147,0.49264997619506395,-0.07463948,-0.5027759433663319,0.69217074,-0.5711939,-0.04051675,0.43931273,1597.8881,1597.8881,955.47473,717.78503, , 
67378.864782166,148,0.4925214572279454,-0.07440774,-0.5124492285627529,0.692287,-0.5694715,-0.04629055,0.44079265,1597.4362,1597.4362,955.4697,717.78284, , 
67378.898120708,149,0.5006149510279253,-0.074028626,-0.5237953113446079,0.6920766,-0.5647022,-0.056971245,0.44597727,1597.4362,1597.4362,955.4631,717.77985, , 
67378.91479,150,0.5092506346757432,-0.07380306,-0.528645073294423,0.69204295,-0.56185436,-0.061456602,0.44902033,1597.4362,1597.4362,955.4623,717.7786, , 
67378.931459375,151,0.5179733882953876,-0.07352593,-0.5327295482515512,0.6921771,-0.55900097,-0.065802306,0.45175076,1597.4362,1597.4362,955.46155,717.777, , 
67378.948128666,152,0.5103110304598802,-0.07311807,-0.5396897564324475,0.6924026,-0.5563129,-0.07020244,0.45405522,1597.4362,1597.4362,955.4604,717.7748, , 
67378.981467166,153,0.5266647245132454,-0.071927845,-0.5526547685795066,0.6924724,-0.5514195,-0.07951109,0.45836297,1597.8881,1597.8881,955.4559,717.76965, , 
67378.9981365,154,0.5302292895780055,-0.07127981,-0.5566384332829015,0.69183326,-0.54892,-0.084235646,0.46147373,1597.8881,1597.8881,955.45435,717.76917, , 
67379.014805833,155,0.534646233574158,-0.07067362,-0.5584044788719912,0.690627,-0.5462938,-0.088622816,0.46555713,1597.8881,1597.8881,955.4542,717.77124, , 
67379.048144291,156,0.5354386599988764,-0.06931616,-0.5755662301506363,0.6876718,-0.5409303,-0.09621442,0.47459957,1597.4362,1597.4362,955.4569,717.77795, , 
67379.064813583,157,0.5393830787872569,-0.06847704,-0.5751685331086583,0.68659407,-0.53836316,-0.09963496,0.478358,1597.4362,1597.4362,955.45856,717.78107, , 
67379.081482958,158,0.5440191522866681,-0.06751614,-0.5863919021996872,0.6859265,-0.53604245,-0.102864005,0.48122996,1597.4362,1597.4362,955.459,717.782, , 
67379.114821458,159,0.5464646445661951,-0.06551252,-0.5890614935130108,0.6852512,-0.53216827,-0.109094284,0.4851043,1597.4362,1597.4362,955.45764,717.7808, , 
67379.131490791,160,0.548927902104374,-0.06458585,-0.5940487952000885,0.68484175,-0.5304415,-0.11174841,0.48696595,1597.4362,1597.4362,955.45715,717.7806, , 
67379.148160083,161,0.5528012245842993,-0.063894376,-0.601367479549087,0.68410933,-0.528827,-0.11403989,0.489215,1597.4362,1597.4362,955.4573,717.7813, , 
67379.181498625,162,0.5599254196089158,-0.063225076,-0.6100686301539813,0.6817794,-0.52598315,-0.11801639,0.4945612,1597.4362,1597.4362,955.45935,717.7872, , 
67379.198168,163,0.5634198600525766,-0.06306802,-0.6151926856193335,0.68049574,-0.5247442,-0.120001376,0.49716067,1597.4362,1597.4362,955.46027,717.7904, , 
67379.21483725,164,0.5643261187849168,-0.06296166,-0.6139142036142627,0.6793505,-0.52358955,-0.122043125,0.4994421,1597.4362,1597.4362,955.46075,717.7932, , 
67379.248175708,165,0.5687551819750335,-0.0629228,-0.6295277652258785,0.6778944,-0.5212429,-0.12579398,0.5029322,1597.4362,1597.4362,955.461,717.79675, , 
67379.264845083,166,0.5683786003460531,-0.062968165,-0.6346835404943654,0.677501,-0.5200793,-0.12719595,0.50431246,1597.4362,1597.4362,955.4613,717.7973, , 
67379.298183708,167,0.5718296869965632,-0.06342004,-0.6400570898680639,0.67661804,-0.5178792,-0.12905845,0.5072802,1597.4362,1597.4362,955.4633,717.799, , 
67379.314853041,168,0.5790218684451272,-0.06382064,-0.642294060957952,0.6760319,-0.5168442,-0.12962392,0.50896996,1597.4362,1597.4362,955.46484,717.8006, , 
67379.331522208,169,0.5774172075191957,-0.06432573,-0.6483529027411898,0.67547953,-0.5157609,-0.1300614,0.5106879,1597.4362,1597.4362,955.46716,717.8029, , 
67379.364860875,170,0.580544758827466,-0.06518163,-0.6580116385350332,0.6745525,-0.51364326,-0.13122806,0.5137399,1597.4362,1597.4362,955.47015,717.80554, , 
67379.381530208,171,0.5850452095023728,-0.065543905,-0.6586068272141188,0.6741394,-0.5125278,-0.13211635,0.51516646,1597.4362,1597.4362,955.4717,717.80676, , 
67379.398199541,172,0.5873337113748847,-0.06586438,-0.6678751648529739,0.67376345,-0.5113816,-0.13313493,0.5165334,1597.4362,1597.4362,955.4725,717.80743, , 
67379.431538,173,0.5901468365764021,-0.06631719,-0.675195805362177,0.67301434,-0.5094483,-0.13558799,0.5187774,1597.4362,1597.4362,955.4733,717.80853, , 
67379.448207333,174,0.5888602766525408,-0.06648133,-0.6800821831729249,0.6726274,-0.5087748,-0.1368452,0.51960945,1597.4362,1597.4362,955.47296,717.80896, , 
67379.464876708,175,0.5887919743357557,-0.06667389,-0.676386242650511,0.672214,-0.508322,-0.137812,0.5203316,1597.4362,1597.4362,955.4726,717.8096, , 
67379.498215125,176,0.5923420126166821,-0.06725783,-0.6937555879732984,0.670885,-0.5081797,-0.13888782,0.52189726,1597.4362,1597.4362,955.4727,717.81323, , 
67379.5148845,177,0.5932192670303349,-0.06757053,-0.6945572006840448,0.6700326,-0.5085125,-0.1393838,0.5225356,1597.4362,1597.4362,955.4725,717.8156, , 
67379.548222958,178,0.5990828416682896,-0.06795625,-0.6966121007759668,0.66878986,-0.5094371,-0.14094998,0.5228068,1597.4362,1597.4362,955.47015,717.8196, , 
67379.56489225,179,0.5968775903752221,-0.0680856,-0.6992083150923442,0.6684773,-0.50975513,-0.1418027,0.52266604,1597.4362,1597.4362,955.46857,717.81995, , 
67379.581561583,180,0.5989562170230593,-0.06829206,-0.6983199032767966,0.66819555,-0.5099082,-0.14234348,0.52272993,1597.4362,1597.4362,955.46747,717.8203, , 
67379.614900291,181,0.5986275368605553,-0.06900335,-0.7083732694405321,0.6673885,-0.50964653,-0.14225402,0.5240388,1597.4362,1597.4362,955.4686,717.8232, , 
67379.631569375,182,0.603588185549502,-0.06942227,-0.7139584033996601,0.6668877,-0.50945544,-0.14206232,0.52491343,1597.4362,1597.4362,955.47003,717.82513, , 
67379.64823875,183,0.5940640771126623,-0.06975513,-0.7110323826149891,0.666358,-0.5093561,-0.14226772,0.5256266,1597.4362,1597.4362,955.47107,717.8275, , 
67379.681577375,184,0.6029841772351773,-0.070146285,-0.7166594971684638,0.6653639,-0.50963175,-0.14337125,0.5263183,1597.4362,1597.4362,955.4703,717.83, , 
67379.698246541,185,0.6049446720079523,-0.070230454,-0.7184198306787415,0.66487247,-0.5099951,-0.14395785,0.5264273,1597.4362,1597.4362,955.4695,717.8312, , 
67379.714915833,186,0.5999946224481962,-0.07024603,-0.7205498138448506,0.6644098,-0.5104399,-0.1443951,0.5264607,1597.4362,1597.4362,955.4683,717.8326, , 
67379.748254541,187,0.6112943703448815,-0.0698617,-0.7250580801241489,0.6636324,-0.5116735,-0.14488322,0.52610934,1597.4362,1597.4362,955.46655,717.83496, , 
67379.764923833,188,0.6051938893441438,-0.069676116,-0.7321852929375341,0.66327745,-0.5124201,-0.14514148,0.525759,1597.4362,1597.4362,955.46515,717.83636, , 
67379.798262333,189,0.6070333371607018,-0.06903483,-0.733042866453279,0.6631771,-0.5141187,-0.14556581,0.5241075,1597.8881,1597.8881,955.46204,717.8366, , 
67379.814931666,190,0.6053360725741735,-0.068606056,-0.7248591784120711,0.66333926,-0.51509666,-0.14565955,0.5229148,1597.8881,1597.8881,955.4595,717.8356, , 
67379.831600958,191,0.6124840985533917,-0.06827413,-0.7310314918712894,0.66328776,-0.51619714,-0.14571941,0.52187717,1597.8881,1597.8881,955.45764,717.83527, , 
67379.848270166,192,0.6117760022416118,-0.06800063,-0.7371019493102692,0.66303366,-0.51732016,-0.14572206,0.52108675,1597.8881,1597.8881,955.4561,717.8356, , 
67379.881608833,193,0.6117401796394855,-0.06766482,-0.7326104093183512,0.6622548,-0.51955646,-0.14507417,0.5200318,1597.8881,1597.8881,955.4539,717.8385, , 
67379.898278083,194,0.615455188406557,-0.06760639,-0.7303283881588915,0.6619837,-0.5205334,-0.14445816,0.5195713,1597.8881,1597.8881,955.45355,717.83997, , 
67379.914947416,195,0.6181903975209784,-0.06760922,-0.732229517938419,0.66193527,-0.5213416,-0.14361738,0.51905555,1597.8881,1597.8881,955.45355,717.8411, , 
67379.948285916,196,0.6233415138241788,-0.06805654,-0.7331191111592017,0.66220707,-0.52230024,-0.14231287,0.5181036,1597.8881,1597.8881,955.4539,717.8414, , 
67379.964955208,197,0.6218563183242646,-0.06826771,-0.7395907430781743,0.66248435,-0.5223081,-0.14177366,0.517889,1597.8881,1597.8881,955.45447,717.8408, , 
67379.981624541,198,0.6199376293282045,-0.06853428,-0.7319593763674447,0.6628541,-0.52228326,-0.14094402,0.5176673,1597.8881,1597.8881,955.45526,717.84033, , 
67380.014963,199,0.6252355765860362,-0.06899459,-0.7311177191107441,0.66379803,-0.5238318,-0.13839461,0.5155767,1597.8881,1597.8881,955.456,717.839, , 
67380.031632375,200,0.6234572770794465,-0.06917234,-0.7254975104674996,0.66412115,-0.52564776,-0.13690805,0.51370597,1597.8881,1597.8881,955.45496,717.83856, , 
67380.048301666,201,0.6311240536216867,-0.06936403,-0.7299900516016495,0.6641642,-0.52777433,-0.13527986,0.51189786,1597.8881,1597.8881,955.4539,717.8392, , 
67380.081640208,202,0.6416458073013324,-0.069833376,-0.7292608739507062,0.6637373,-0.5324708,-0.13110551,0.5086639,1597.8881,1597.8881,955.45294,717.8436, , 
67380.0983095,203,0.6442876501555295,-0.06990258,-0.7298075732801335,0.66378444,-0.5351532,-0.12864573,0.50641036,1597.4362,1597.4362,955.4525,717.84515, , 
67380.114978791,204,0.6463401718536074,-0.06988051,-0.7281096443057556,0.66386205,-0.5382075,-0.12602398,0.503724,1597.4362,1597.4362,955.45154,717.84644, , 
67380.131648125,205,0.6501679411173829,-0.06973183,-0.7262346446612475,0.66402406,-0.54176074,-0.12318852,0.5003918,1597.4362,1597.4362,955.4496,717.84784, , 
67380.164986583,206,0.6653211013804111,-0.06954326,-0.7263893441248997,0.6646239,-0.54995,-0.11583384,0.49235404,1597.4362,1597.4362,955.4462,717.84985, , 
67380.181656,207,0.6665117236185342,-0.0695538,-0.7261805558644638,0.66499096,-0.55474037,-0.111086905,0.48755476,1597.4362,1597.4362,955.44434,717.8515, , 
67380.19832525,208,0.6738489891723576,-0.069645815,-0.7257807167392408,0.66551405,-0.56009823,-0.10538457,0.4819493,1597.4362,1597.4362,955.44305,717.8528, , 
67380.2149945,209,0.67801616469841,-0.06984788,-0.720190277020248,0.6660992,-0.56586635,-0.09879563,0.47575888,1597.8881,1597.8881,955.442,717.854, , 
67380.248333083,210,0.6875837704422919,-0.07063194,-0.7184696640592592,0.6669599,-0.5782364,-0.08363789,0.46239778,1597.8881,1597.8881,955.44086,717.858, , 
67380.265002375,211,0.7005815769417575,-0.071259275,-0.716636688118809,0.6672443,-0.58488625,-0.07497544,0.4550514,1597.8881,1597.8881,955.441,717.8603, , 
67380.281671666,212,0.6986165829062191,-0.07198317,-0.7183630440741953,0.6675713,-0.5917091,-0.06542092,0.4471565,1597.8881,1597.8881,955.4418,717.8634, , 
67380.298340875,213,0.7052660396166361,-0.0727334,-0.7142939899248596,0.66808647,-0.5985916,-0.054966867,0.4385512,1597.8881,1597.8881,955.44275,717.8649, , 
67380.3316795,214,0.720963021482494,-0.074368596,-0.7133250454465219,0.66905075,-0.61274487,-0.03197441,0.41939533,1597.4362,1597.4362,955.44507,717.86676, , 
67380.348348833,215,0.72697842032027,-0.075283214,-0.7024801731364438,0.66936594,-0.6198579,-0.019968607,0.4090559,1597.4362,1597.4362,955.4465,717.86755, , 
67380.365018208,216,0.7344970933026438,-0.07622042,-0.6991102546316978,0.669678,-0.6267389,-0.007529751,0.39833772,1597.4362,1597.4362,955.4475,717.8676, , 
67380.381687291,217,0.7414222408072132,-0.07715141,-0.6983690917782218,0.6700136,-0.6332892,0.0055276956,0.3872931,1597.4362,1597.4362,955.4491,717.86694, , 
67380.398356666,218,0.7533113216131748,-0.0781111,-0.6965252273316758,0.6701792,-0.63963026,0.019078314,0.3759907,1597.4362,1597.4362,955.4518,717.86536, , 
67380.43169525,219,0.765140084025392,-0.08021136,-0.6867269713243277,0.6694224,-0.6523157,0.04697359,0.3523512,1597.4362,1597.4362,955.4561,717.86346, , 
67380.448364458,220,0.7734503223281979,-0.08129981,-0.6877064409528756,0.6684371,-0.658717,0.06113545,0.33992082,1597.8881,1597.8881,955.4588,717.8628, , 
67380.46503375,221,0.7750256914735766,-0.0823789,-0.681889418717002,0.6669703,-0.66521126,0.07530237,0.32706884,1597.8881,1597.8881,955.4605,717.8628, , 
67380.481703125,222,0.7845573759519113,-0.083396286,-0.6685531118631257,0.66507334,-0.6717805,0.089436024,0.31367108,1597.8881,1597.8881,955.4618,717.8632, , 
67380.498372333,223,0.7974921107872465,-0.08432188,-0.6686305180323152,0.6627849,-0.6783743,0.10337954,0.29972872,1597.8881,1597.8881,955.4626,717.86383, , 
67380.531710875,224,0.8044994200642638,-0.0861348,-0.6514751650646764,0.6567217,-0.6914347,0.13034888,0.27137396,1597.8881,1597.8881,955.46295,717.86755, , 
67380.54838025,225,0.8180896326820901,-0.086979285,-0.6457210906395834,0.65315425,-0.69760287,0.14344183,0.25722384,1597.8881,1597.8881,955.4631,717.8701, , 
67380.565049583,226,0.8174554724380397,-0.087671705,-0.6431327580368307,0.64957774,-0.70314926,0.1567497,0.24302141,1597.8881,1597.8881,955.46356,717.8725, , 
67380.581718875,227,0.8269444549840138,-0.088170305,-0.6298772319911655,0.6460611,-0.70788187,0.17066874,0.22886774,1597.8881,1597.8881,955.4647,717.87286, , 
67380.615057291,228,0.8331717800865921,-0.088834636,-0.6088781895020701,0.63859105,-0.7150169,0.20143922,0.2009341,1597.4362,1597.4362,955.4717,717.8685, , 
67380.631726666,229,0.8412000609014081,-0.08919406,-0.5986515496308721,0.6340896,-0.717918,0.2179892,0.18709578,1597.4362,1597.4362,955.4767,717.8658, , 
67380.648396,230,0.8423514865257864,-0.08957978,-0.6011203612015272,0.62900144,-0.72064495,0.23457415,0.17321357,1597.4362,1597.4362,955.48224,717.8633, , 
67380.665065125,231,0.8484922837138271,-0.08998717,-0.5891661512646443,0.6234759,-0.7232707,0.25060788,0.15922605,1597.8881,1597.8881,955.48926,717.8606, , 
67380.69840375,232,0.862218843297257,-0.09076249,-0.5673158173443996,0.6117564,-0.7281429,0.27988642,0.13124678,1597.4362,1597.4362,955.49725,717.85815, , 
67380.715073083,233,0.8597879510613926,-0.091002904,-0.5529739514094995,0.6059585,-0.7302225,0.29288408,0.11750855,1597.4362,1597.4362,955.50037,717.8569, , 
67380.731742416,234,0.8706089843412854,-0.09114059,-0.5425771705619035,0.60029775,-0.7320618,0.30485386,0.10388537,1597.4362,1597.4362,955.5016,717.85596, , 
67380.748411583,235,0.8667140198067577,-0.09100269,-0.5316293403843461,0.5947337,-0.73363346,0.31599972,0.090653114,1597.4362,1597.4362,955.50214,717.8551, , 
67380.781750208,236,0.8716581210215165,-0.08982308,-0.5113817906406418,0.5837281,-0.7356007,0.33738863,0.06574232,1597.4362,1597.4362,955.50354,717.85236, , 
67380.798419541,237,0.8788631574964076,-0.08885798,-0.5075449119012793,0.57814884,-0.7359686,0.34813368,0.05382503,1597.4362,1597.4362,955.5048,717.8502, , 
67380.815088833,238,0.8807634693548912,-0.08776507,-0.4990684379367661,0.5725394,-0.7359997,0.35879835,0.042032376,1597.4362,1597.4362,955.5062,717.8478, , 
67380.831758,239,0.8914673459489189,-0.08683561,-0.4837065939380458,0.566797,-0.7357434,0.36946183,0.030342244,1596.9843,1596.9843,955.5078,717.8439, , 
67380.848427333,240,0.8922025692057668,-0.08573522,-0.4771383481069363,0.56105816,-0.735122,0.38007686,0.018730652,1596.9843,1596.9843,955.5092,717.84045, , 
67380.881765958,241,0.8990259219484167,-0.0833885,-0.45578133930974873,0.54994935,-0.7330671,0.40018922,-0.0041116904,1596.9843,1596.9843,955.5111,717.83075, , 
67380.898435125,242,0.9000602405137758,-0.08232388,-0.4466450334985703,0.54471356,-0.73195213,0.40903458,-0.014961327,1596.9843,1596.9843,955.511,717.827, , 
67380.915104416,243,0.9082085913332302,-0.0814011,-0.43649416855898093,0.53965455,-0.73091483,0.41700804,-0.025315525,1596.9843,1596.9843,955.5104,717.82404, , 
67380.93177375,244,0.9057688075499416,-0.080608234,-0.42248716541449066,0.5347329,-0.7299193,0.42431504,-0.03514786,1596.9843,1596.9843,955.5096,717.82153, , 
67380.965112208,245,0.9102513186342651,-0.079221874,-0.4081809304675996,0.5248984,-0.72822285,0.43736354,-0.053723946,1599.6957,1599.6957,955.5075,717.8181, , 
67380.981781541,246,0.9089019342083755,-0.07858549,-0.40047814850070784,0.51982594,-0.72756124,0.44328073,-0.06275323,1599.6957,1599.6957,955.50653,717.8178, , 
67380.998450833,247,0.9114765884972348,-0.07794297,-0.387584034530829,0.5146877,-0.72694445,0.44888213,-0.07178437,1599.6957,1599.6957,955.50507,717.8184, , 
67381.031789541,248,0.9201588078007065,-0.076105855,-0.36565803855781015,0.50477934,-0.72503155,0.45975137,-0.090309545,1601.9552,1601.9552,955.5018,717.8189, , 
67381.048458666,249,0.9253919145263465,-0.07498299,-0.3572376196690404,0.50007266,-0.72349244,0.4652415,-0.10018139,1601.9552,1601.9552,955.49817,717.8176, , 
67381.065127916,250,0.9287394771219986,-0.07382581,-0.3472830438237485,-0.49550214,0.7217638,-0.47051495,0.11022895,1601.9552,1601.9552,955.4947,717.8162, , 
67381.08179725,251,0.9257736983756492,-0.072687425,-0.3434775329745062,-0.49102232,0.7200969,-0.47531584,0.12013484,1601.9552,1601.9552,955.4907,717.81525, , 
67381.115135791,252,0.9373447201119021,-0.07057907,-0.322035872505843,-0.48171958,0.71730494,-0.48393694,0.13865356,1604.2147,1604.2147,955.48285,717.8161, , 
67381.131805041,253,0.9400993879907896,-0.06938779,-0.3073125462179309,-0.47699142,0.71574956,-0.48839667,0.1471406,1604.6666,1604.6666,955.4808,717.81665, , 
67381.148474375,254,0.9399151092503145,-0.06797493,-0.3023638831053716,-0.4726758,0.7136912,-0.4929796,0.15554294,1604.2147,1604.2147,955.4777,717.81555, , 
67381.165143666,255,0.9484326367453406,-0.06628663,-0.295244412477465,-0.4689915,0.71112525,-0.49734238,0.16431186,1606.4742,1606.4742,955.4741,717.8133, , 
67381.19848225,256,0.9468945011328265,-0.062265947,-0.272479011016923,-0.46356523,0.7049327,-0.5046198,0.18312868,1606.4742,1606.4742,955.4597,717.80585, , 
67381.2151515,257,0.957800840637967,-0.06005476,-0.2689030245343699,-0.46126541,0.7014533,-0.5080584,0.19254626,1606.4742,1606.4742,955.45264,717.802, , 
67381.231820833,258,0.9679174004810213,-0.057520464,-0.2566334870151091,-0.45865843,0.6977822,-0.5119476,0.20159888,1608.7338,1608.7338,955.44635,717.7977, , 
67381.248490208,259,0.9609917743951621,-0.05520865,-0.2499538297106739,-0.45557696,0.6943159,-0.51598656,0.21007799,1608.7338,1608.7338,955.4412,717.79376, , 
67381.281828625,260,0.9711801978449064,-0.05080676,-0.23288913963540042,-0.4490003,0.6878817,-0.52322054,0.22684273,1608.7338,1608.7338,955.4312,717.7877, , 
67381.298497958,261,0.9687111773291812,-0.04855743,-0.22287284338651958,-0.44639117,0.68449616,-0.5260291,0.23557027,1610.9933,1610.9933,955.4258,717.7857, , 
67381.31516725,262,0.9751825950326541,-0.046286255,-0.21126914660930995,-0.44427896,0.6809457,-0.52841806,0.24434309,1611.4452,1611.4452,955.4172,717.7829, , 
67381.34850575,263,0.9850962932187503,-0.0415035,-0.19865545773654986,-0.44079247,0.6737703,-0.53283507,0.2604275,1610.9933,1610.9933,955.4045,717.778, , 
67381.365175041,264,0.9826538139825995,-0.039417528,-0.19786691058508846,-0.43865818,0.67048776,-0.535345,0.26726544,1613.2528,1613.2528,955.3983,717.7747, , 
67381.381844375,265,0.9888123755711251,-0.037517346,-0.19194993556236462,-0.4364114,0.6676103,-0.537763,0.27322614,1613.2528,1613.2528,955.39496,717.7727, , 
67381.398513666,266,0.9911287951026239,-0.035776243,-0.18332803493965197,-0.43453848,0.66523373,-0.5396302,0.27827984,1613.2528,1613.2528,955.392,717.7713, , 
67381.431852166,267,0.9976691148962206,-0.032386407,-0.17199517122777103,-0.4316478,0.6615045,-0.54235417,0.28625855,1615.9642,1615.9642,955.3866,717.7695, , 
67381.4485215,268,1.002706346065454,-0.030942135,-0.1643933052191383,-0.4303831,0.6602468,-0.54341274,0.2890452,1615.9642,1615.9642,955.3851,717.76904, , 
67381.465190791,269,1.0068650888817343,-0.0297168,-0.16153745749434092,-0.42913494,0.65937895,-0.54425734,0.29128438,1615.9642,1615.9642,955.38403,717.7692, , 
67381.498529291,270,1.0151468032633606,-0.027693415,-0.15204587206972467,-0.42705977,0.6580773,-0.54539645,0.2951219,1603.7628,1603.7628,955.38275,717.77045, , 
67381.515198583,271,1.0165701118686539,-0.02684082,-0.15353535820536748,-0.4261984,0.6571957,-0.5459582,0.2972848,1603.7628,1603.7628,955.38135,717.7708, , 
67381.531867916,272,1.014265074744455,-0.025386933,-0.14509886700837638,-0.42527926,0.6560971,-0.546685,0.29968247,1603.7628,1603.7628,955.38007,717.77075, , 
67381.548537208,273,1.0220676880397639,-0.024439383,-0.1397562123662457,-0.42437842,0.6547217,-0.5476418,0.30220982,1603.7628,1603.7628,955.3788,717.77014, , 
67381.581875625,274,1.0247439436515409,-0.022943301,-0.12936482350359693,-0.42290616,0.6512082,-0.5499156,0.3076868,1603.7628,1603.7628,955.3747,717.7664, , 
67381.598545,275,1.0178324557024994,-0.022366725,-0.12886027845485104,-0.42222172,0.6496044,-0.5508932,0.3102573,1603.7628,1603.7628,955.373,717.7649, , 
67381.615214291,276,1.0261223977765894,-0.021902252,-0.12788593108096588,-0.42143047,0.64835024,-0.551807,0.3123255,1603.7628,1603.7628,955.3717,717.76385, , 
67381.631883666,277,1.027562285515417,-0.021346046,-0.13038777285974368,-0.4203771,0.647299,-0.5529932,0.31382403,1603.7628,1603.7628,955.371,717.7627, , 
67381.665222125,278,1.0310687564979406,-0.020507675,-0.12226112956469196,-0.417202,0.64504665,-0.5567553,0.31603923,1603.7628,1603.7628,955.37225,717.7595, , 
67381.681891458,279,1.0313477258966661,-0.020110691,-0.11972308214454398,-0.41532323,0.6436078,-0.55913436,0.3172451,1603.7628,1603.7628,955.37366,717.7562, , 
67381.69856075,280,1.0272487502055128,-0.01971224,-0.11762894380313249,-0.41329128,0.6419469,-0.5616818,0.31876016,1603.7628,1603.7628,955.3745,717.75354, , 
67381.715229875,281,1.0316687970003937,-0.019324904,-0.114143365970721,-0.41098243,0.6400926,-0.5643628,0.32073238,1603.7628,1603.7628,955.3753,717.7508, , 
67381.7485685,282,1.0281618803305947,-0.01919662,-0.11076371268260286,-0.40574262,0.6361923,-0.5697294,0.32563886,1603.7628,1603.7628,955.3766,717.74585, , 
67381.765237791,283,1.0350862223393185,-0.018821888,-0.10859379228557624,-0.4029075,0.6340933,-0.5723609,0.32862478,1603.7628,1603.7628,955.37683,717.744, , 
67381.781907125,284,1.04282732787223,-0.018363664,-0.10081975983660667,-0.39994735,0.63190436,-0.57495207,0.33191702,1603.7628,1603.7628,955.37695,717.7425, , 
67381.815245625,285,1.040992012655011,-0.017291188,-0.10547974065380468,-0.39425915,0.6274328,-0.57945764,0.33928838,1603.7628,1603.7628,955.37585,717.74, , 
67381.831914958,286,1.04290401074749,-0.017541517,-0.10621034816692816,-0.3917696,0.62543154,-0.5811099,0.3430208,1603.7628,1603.7628,955.3748,717.73975, , 
67381.848584208,287,1.0400868358601285,-0.017290017,-0.09855058332094456,-0.38955185,0.6235903,-0.5823537,0.34676868,1603.7628,1603.7628,955.3731,717.74036, , 
67381.865253416,288,1.0397351901830205,-0.016888684,-0.10142813299081896,-0.3874286,0.6217937,-0.583449,0.35051227,1604.2147,1604.2147,955.3716,717.74115, , 
67381.898592,289,1.041938687298656,-0.015911762,-0.09469939276821582,-0.38315776,0.6180566,-0.5859876,0.35751167,1604.2147,1604.2147,955.3685,717.742, , 
67381.915261291,290,1.0467702379728023,-0.015389264,-0.0926402793509035,-0.3808896,0.6161281,-0.5874271,0.3608858,1604.2147,1604.2147,955.3676,717.74194, , 
67381.931930583,291,1.0458161523529859,-0.015617565,-0.09352801407889287,-0.3783635,0.6142621,-0.58897287,0.36418965,1601.5033,1601.5033,955.3667,717.7421, , 
67381.948599791,292,1.0478993927595837,-0.015291028,-0.08745768267713257,-0.3755858,0.61230606,-0.59068674,0.36756748,1601.5033,1601.5033,955.3659,717.74225, , 
67381.981938458,293,1.056283586919068,-0.014219255,-0.08569832333949673,-0.36908406,0.60831517,-0.5945559,0.37447676,1601.5033,1601.5033,955.36554,717.7427, , 
67381.99860775,294,1.0493828942575782,-0.013612304,-0.0863591825188247,-0.36572573,0.6062554,-0.5964436,0.37809265,1599.6957,1599.6957,955.3654,717.74335, , 
67382.015276916,295,1.0516923892582766,-0.012942363,-0.08434920136461042,-0.36265478,0.60394156,-0.5982093,0.3819446,1599.6957,1599.6957,955.36475,717.7436, , 
67382.048615458,296,1.0575378424708055,-0.0128639145,-0.0831625251499802,-0.35657027,0.59902316,-0.6017169,0.38982758,1599.6957,1599.6957,955.36285,717.7437, , 
67382.065284833,297,1.0599025173481873,-0.012349474,-0.08643121515580109,-0.3533431,0.59638757,-0.6035348,0.39397496,1597.4362,1597.4362,955.3616,717.7439, , 
67382.081953958,298,1.0608322797085048,-0.011778171,-0.08348696580060817,-0.3501797,0.593628,-0.60533804,0.39817828,1597.4362,1597.4362,955.36053,717.7439, , 
67382.115292625,299,1.0591824848241485,-0.010865044,-0.08408253426642626,-0.34307396,0.5891215,-0.60888106,0.40558603,1597.4362,1597.4362,955.3595,717.7452, , 
67382.131961916,300,1.0659149280527775,-0.011116333,-0.08388763793081974,-0.33853316,0.58769876,-0.61079425,0.408578,1594.7247,1594.7247,955.36066,717.7469, , 
67382.14863125,301,1.0662551218154057,-0.011111591,-0.08443524749664376,-0.33355364,0.5863768,-0.61277246,0.41159934,1594.7247,1594.7247,955.3625,717.74915, , 
67382.165300375,302,1.0685804372829073,-0.011000946,-0.07690882805754279,-0.32851094,0.5847781,-0.61471397,0.41502044,1594.7247,1594.7247,955.36475,717.75244, , 
67382.198639041,303,1.0647876820904885,-0.010663307,-0.07914065518039881,-0.31869274,0.5802873,-0.61792374,0.4241128,1592.4652,1592.4652,955.3659,717.758, , 
67382.215308333,304,1.0685105177042906,-0.010466303,-0.08338049483677831,-0.31408525,0.5773894,-0.6190976,0.42975566,1592.4652,1592.4652,955.36475,717.7624, , 
67382.231977583,305,1.0685031623727377,-0.01060437,-0.07672324344481929,-0.3094293,0.5743115,-0.6201171,0.43574595,1592.4652,1592.4652,955.36334,717.7662, , 
67382.265316125,306,1.0649943025465873,-0.010471627,-0.08371735574667323,-0.29979375,0.56852317,-0.622005,0.44723016,1588.85,1588.85,955.3612,717.7758, , 
67382.281985458,307,1.0657160945478956,-0.010346332,-0.07417003628304757,-0.2950472,0.5658612,-0.6230491,0.45228103,1588.85,1588.85,955.361,717.7796, , 
67382.315323875,308,1.063167302962896,-0.009970602,-0.07047420639211566,-0.28640577,0.56050617,-0.6253995,0.4611726,1588.85,1588.85,955.36053,717.7857, , 
67382.331993208,309,1.0688825430350295,-0.009604818,-0.06698891501799978,-0.28241462,0.55747986,-0.6269078,0.4652361,1596.0804,1596.0804,955.36017,717.7869, , 
67382.3486625,310,1.0544494741217798,-0.009206864,-0.0695166314383056,-0.27841398,0.5538951,-0.62872237,0.46946138,1596.0804,1596.0804,955.3595,717.7871, , 
67382.382000958,311,1.0563591849082083,-0.008412098,-0.07032581174320643,-0.26998407,0.54610217,-0.63272744,0.47805557,1596.0804,1596.0804,955.3576,717.7857, , 
67382.398670333,312,1.053851043816451,-0.008144308,-0.06132062146653236,-0.26536354,0.54252356,-0.63452667,0.48231354,1596.0804,1596.0804,955.3574,717.786, , 
67382.415339583,313,1.0559875402317556,-0.0079961,-0.06274196200007198,-0.26042148,0.53919774,-0.63613635,0.48659748,1596.0804,1596.0804,955.3574,717.787, , 
67382.44867825,314,1.0528686182522236,-0.008552797,-0.05863951455994816,-0.25045896,0.5332448,-0.63900125,0.49456823,1596.0804,1596.0804,955.35846,717.79156, , 
67382.465347333,315,1.0515666621966047,-0.008544798,-0.06168523864215452,-0.24563792,0.53016317,-0.6405986,0.49821928,1596.0804,1596.0804,955.359,717.79285, , 
67382.498686,316,1.0499664379310503,-0.008157454,-0.055893933502858664,-0.23638548,0.52324647,-0.6449348,0.50437504,1596.0804,1596.0804,955.36005,717.7908, , 
67382.515355333,317,1.0400132415691141,-0.00783576,-0.06138552837445828,-0.23153304,0.51930946,-0.6477029,0.5071401,1596.0804,1596.0804,955.36066,717.7879, , 
67382.532024458,318,1.0404985191069784,-0.0073476965,-0.051829280630529884,-0.22658254,0.51525277,-0.650555,0.5098559,1596.0804,1596.0804,955.3612,717.7846, , 
67382.54869375,319,1.0393020998245612,-0.0069604972,-0.057262936122755896,-0.22151461,0.51102406,-0.65326554,0.5128645,1596.0804,1596.0804,955.3618,717.78064, , 
67382.565363083,320,1.0326681450410102,-0.006588175,-0.05189081211840588,-0.21644446,0.5065041,-0.65585333,0.51619923,1596.0804,1596.0804,955.36194,717.7778, , 
67382.598701708,321,1.028780063049453,-0.0057991594,-0.048802697998339764,-0.20636898,0.49665773,-0.66079986,0.5235327,1596.0804,1596.0804,955.36115,717.7713, , 
67382.61537075,322,1.023947592073432,-0.005392433,-0.038661543633758975,-0.20112814,0.4915757,-0.6631891,0.527334,1596.0804,1596.0804,955.36053,717.76874, , 
67382.632040166,323,1.0170365601677158,-0.0049171075,-0.036342109424712526,-0.19583654,0.48663658,-0.665555,0.53091383,1596.0804,1596.0804,955.36017,717.76636, , 
67382.665378791,324,1.0041952785131811,-0.0040829787,-0.03548567158407681,-0.18457076,0.47717288,-0.6698113,0.5381379,1596.0804,1596.0804,955.3604,717.762, , 
67382.682047916,325,1.0090986075417587,-0.003757679,-0.027308220303189815,-0.1789834,0.47291112,-0.67141,0.54178274,1596.0804,1596.0804,955.36066,717.7614, , 
67382.69871725,326,1.0003604441959655,-0.0034715533,-0.027995420454474895,-0.17359242,0.4689735,-0.6726771,0.545376,1596.0804,1596.0804,955.36115,717.7619, , 
67382.732055875,327,0.9897111518753436,-0.0028160065,-0.028177730850280653,-0.16386834,0.46137834,-0.67479986,0.55219775,1596.0804,1596.0804,955.3613,717.7633, , 
67382.748725166,328,0.9830154814442683,-0.0023953244,-0.020647356234056294,-0.15958226,0.45729747,-0.67591095,0.5554789,1596.0804,1596.0804,955.3608,717.7631, , 
67382.765394291,329,0.9768982091001275,-0.0019208416,-0.022069929306227195,-0.15568364,0.45307946,-0.67707217,0.5586187,1596.0804,1596.0804,955.36,717.7623, , 
67382.798732916,330,0.9673719670187461,-0.00096563896,-0.011658619859369173,-0.14821078,0.4446363,-0.6794087,0.5645669,1596.0804,1596.0804,955.358,717.7599, , 
67382.815402208,331,0.9587262834252632,-0.00056918064,-0.00820613506065506,-0.14445078,0.44067717,-0.68036664,0.56748474,1596.0804,1596.0804,955.35693,717.75885, , 
67382.848740708,332,0.9447786809848054,0.0004756441,-0.0053979559556549305,-0.13691019,0.4334605,-0.6818373,0.57311904,1596.0804,1596.0804,955.3558,717.7589, , 
67382.865410041,333,0.942472604154476,0.0008629774,0.001975822632051992,-0.13280563,0.42958972,-0.6826782,0.57599115,1596.0804,1596.0804,955.35516,717.7588, , 
67382.882079291,334,0.9340368855122655,0.0012277504,0.005405900223128179,-0.128543,0.4255953,-0.68350965,0.57893,1596.0804,1596.0804,955.35486,717.75867, , 
67382.898748666,335,0.9249327727577659,0.0015682504,0.002297152311248966,-0.12426717,0.42158726,-0.68418294,0.5819928,1596.0804,1596.0804,955.3544,717.7588, , 
67382.932087166,336,0.9111524827191251,0.0026658326,0.012563727494571757,-0.115889795,0.414375,-0.68498355,0.58792895,1596.0804,1596.0804,955.3537,717.761, , 
67382.948756416,337,0.9104663378464539,0.0031214803,0.013541294348173938,-0.11164503,0.41097343,-0.6851463,0.59094065,1596.0804,1596.0804,955.3537,717.7626, , 
67382.96542575,338,0.9017699822064488,0.003478229,0.015916756736502106,-0.10752878,0.4075897,-0.68511856,0.5940712,1596.0804,1596.0804,955.3536,717.76544, , 
67382.998764125,339,0.891052955739238,0.0041599274,0.027541871050675616,-0.099584505,0.4006423,-0.6847243,0.6006008,1596.0804,1596.0804,955.35284,717.7706, , 
67383.0154335,340,0.8758727744108681,0.004525952,0.023207587245063745,-0.09550433,0.39694673,-0.68456465,0.6038903,1596.0804,1596.0804,955.3524,717.7739, , 
67383.032102833,341,0.8677872082401914,0.004250192,0.027323927180098677,-0.091568604,0.393235,-0.68450093,0.6069924,1596.5323,1596.5323,955.35205,717.77606, , 
67383.048772083,342,0.863316871714247,0.0044114143,0.031093743355662676,-0.08756019,0.38938332,-0.68447906,0.6100838,1596.5323,1596.5323,955.3517,717.778, , 
67383.082110541,343,0.8496298705600772,0.0049331337,0.038692345806376725,-0.07957037,0.38148528,-0.6844459,0.6161748,1596.0804,1596.0804,955.35065,717.78186, , 
67383.098779916,344,0.8386849572043229,0.0051435307,0.04216812773448342,-0.075445265,0.37756437,-0.6844817,0.6190622,1596.0804,1596.0804,955.3503,717.7833, , 
67383.115449166,345,0.8294088592170598,0.0052990615,0.039921644437162965,-0.07120597,0.3736989,-0.6845805,0.62179446,1596.0804,1596.0804,955.3502,717.7846, , 
67383.132118375,346,0.8256437941969822,0.0055305436,0.04987180334129364,-0.06705623,0.37006837,-0.6847073,0.6242826,1596.0804,1596.0804,955.3502,717.786, , 
67383.165457,347,0.7994390671832221,0.0056604445,0.05706601872044055,-0.058919385,0.36262,-0.6850231,0.6291093,1596.0804,1596.0804,955.3502,717.78735, , 
67383.182126291,348,0.7881840529400346,0.0056138113,0.06043127480158801,-0.05542126,0.35877365,-0.68510014,0.631544,1596.0804,1596.0804,955.3496,717.78827, , 
67383.198795583,349,0.7796456950505366,0.0054832315,0.0576887024738067,-0.052318458,0.35480532,-0.68512356,0.63402027,1596.0804,1596.0804,955.3487,717.78894, , 
67383.215464708,350,0.7706666290339508,0.0052479217,0.058483748770638895,-0.04942702,0.35095534,-0.68507475,0.6364431,1596.0804,1596.0804,955.34766,717.7896, , 
67383.248803333,351,0.7526233539421444,0.004797429,0.062153133558605564,-0.04359886,0.3445777,-0.6847922,0.6406442,1596.0804,1596.0804,955.3465,717.7919, , 
67383.265472583,352,0.744089251055664,0.004335366,0.06951116892994008,-0.04048311,0.34180093,-0.68465376,0.64248145,1596.0804,1596.0804,955.3465,717.7929, , 
67383.28214175,353,0.7316595291684861,0.0038161278,0.07151296804269723,-0.03739907,0.3392753,-0.68456125,0.6441036,1596.0804,1596.0804,955.3468,717.7939, , 
67383.298811083,354,0.7243756412493564,0.0032932535,0.07495509870766731,-0.034366198,0.33696443,-0.6845291,0.64551824,1596.0804,1596.0804,955.3473,717.7948, , 
67383.315480416,355,0.706676975615298,0.0027963966,0.07678185318672816,-0.031252075,0.33494824,-0.6845673,0.64668435,1596.0804,1596.0804,955.34784,717.7952, , 
67383.348819041,356,0.6942368863831332,0.0018686503,0.07890102079813088,-0.02450201,0.33195817,-0.68502164,0.6480345,1596.0804,1596.0804,955.351,717.79504, , 
67383.365488166,357,0.6754938349204673,0.0015518228,0.08810959903223636,-0.021009643,0.33041933,-0.6854782,0.6484606,1596.0804,1596.0804,955.35254,717.79407, , 
67383.3821575,358,0.6707455587101637,0.0012942329,0.09174718119774992,-0.017766785,0.32855016,-0.6859809,0.6489756,1596.0804,1596.0804,955.3538,717.7928, , 
67383.398826791,359,0.6536198211000271,0.0010587648,0.09428671168771338,-0.014923196,0.32630774,-0.68636954,0.64976716,1596.0804,1596.0804,955.3545,717.79114, , 
67383.415496125,360,0.6465879010200342,0.000829272,0.09411772027805551,-0.012578373,0.32376996,-0.6865496,0.6508951,1596.0804,1596.0804,955.3544,717.79047, , 
67383.448834541,361,0.6248948952305153,0.0006529848,0.10287889809923269,-0.009071613,0.31810945,-0.68658894,0.6536969,1596.5323,1596.5323,955.3524,717.7902, , 
67383.465503833,362,0.6157293189363394,0.00050019147,0.10599276192803983,-0.007379154,0.31538603,-0.6864508,0.6551813,1596.0804,1596.0804,955.3514,717.7905, , 
67383.482173166,363,0.606077774292166,0.00032807142,0.10583799276848728,-0.0057588858,0.3130487,-0.6862471,0.6565305,1596.0804,1596.0804,955.35065,717.7912, , 
67383.498842291,364,0.5931205024864165,0.00018364191,0.11388385152224748,-0.004269243,0.31091163,-0.68613863,0.6576698,1596.0804,1596.0804,955.35,717.79175, , 
67383.515511583,365,0.583801828967224,0.00014401648,0.1144269827452333,-0.0029351905,0.30861518,-0.68633795,0.6585501,1596.0804,1596.0804,955.3491,717.79126, , 
67383.54885025,366,0.5668073851549584,0.000550088,0.11924252998750658,-0.00097356515,0.3028847,-0.6878718,0.65961534,1596.0804,1596.0804,955.34576,717.78577, , 
67383.5655195,367,0.5533559255681091,0.0008100271,0.12222632627492855,9.099394e-05,0.29984698,-0.6888561,0.65997654,1596.0804,1596.0804,955.3441,717.7824, , 
67383.582188708,368,0.5464722406806541,0.001018919,0.12266688561017293,0.0015602949,0.29731682,-0.689717,0.66022027,1596.0804,1596.0804,955.3431,717.7793, , 
67383.598858,369,0.5353788094745126,0.00114075,0.1257838206525553,0.003589726,0.29542422,-0.6903459,0.6604046,1596.0804,1596.0804,955.3428,717.77686, , 
67383.615527208,370,0.5320450515288452,0.0011825785,0.13041403163813947,0.0061680353,0.29414696,-0.6907185,0.6605661,1596.0804,1596.0804,955.3437,717.77484, , 
67383.648865916,371,0.524094270882111,0.0015311232,0.13626184573628894,0.012592985,0.29196233,-0.69130796,0.66082734,1596.0804,1596.0804,955.3467,717.7733, , 
67383.665535083,372,0.5120045276709968,0.0016493062,0.13943729042498296,0.016171953,0.29045793,-0.6916308,0.6610744,1596.0804,1596.0804,955.3488,717.772, , 
67383.682204333,373,0.4995656608798177,0.00180877,0.13890912792463758,0.019760212,0.2885248,-0.6920614,0.6613728,1596.0804,1596.0804,955.3502,717.77045, , 
67383.698873708,374,0.49247554591243053,0.0019957796,0.14439788096860692,0.02316345,0.28617826,-0.69253665,0.6617843,1596.5323,1596.5323,955.35114,717.76855, , 
67383.715543,375,0.4900088462910351,0.0021426082,0.14815706551199498,0.026277315,0.28367966,-0.6928815,0.6623825,1596.0804,1596.0804,955.3517,717.76636, , 
67383.748881458,376,0.47182171185202815,0.002174125,0.14616659415179062,0.031089261,0.27969408,-0.6927218,0.66403395,1596.0804,1596.0804,955.3523,717.7662, , 
67383.765550708,377,0.4612337939241819,0.0020262077,0.1522835052401802,0.033122685,0.2780869,-0.69223,0.6651227,1596.0804,1596.0804,955.3527,717.7679, , 
67383.78222,378,0.4558193533431137,0.0018614605,0.15668492832205785,0.035103425,0.27638224,-0.6916839,0.6662987,1596.0804,1596.0804,955.35284,717.7694, , 
67383.798889166,379,0.44859216072664626,0.0016781026,0.16015551786153817,0.037002027,0.27460098,-0.69112486,0.6675113,1596.0804,1596.0804,955.35297,717.77094, , 
67383.8155585,380,0.4416118538637288,0.0014532208,0.16910229049607858,0.038792808,0.27287465,-0.6905822,0.6686784,1596.0804,1596.0804,955.35284,717.7729, , 
67383.848897125,381,0.4349807724594925,0.0015083039,0.17433728759891254,0.041849483,0.27048144,-0.68957794,0.67050016,1596.0804,1596.0804,955.3532,717.77576, , 
67383.865566416,382,0.42664877861564215,0.0012040511,0.17455505449414552,0.043128394,0.26970655,-0.6891047,0.67121756,1596.0804,1596.0804,955.3537,717.7776, , 
67383.882235541,383,0.4154664516397264,0.00085964054,0.17902569661038786,0.044290453,0.26910582,-0.6887229,0.6717747,1596.0804,1596.0804,955.3541,717.7787, , 
67383.898904875,384,0.4118817590217966,0.00051345676,0.17979753726047445,0.045348715,0.26863492,-0.6884502,0.6721719,1596.0804,1596.0804,955.3546,717.7794, , 
67383.9322435,385,0.4000121069268125,0.00010103732,0.19082975863372093,0.047258586,0.26764646,-0.6882163,0.67267394,1596.0804,1596.0804,955.3554,717.78015, , 
67383.948912625,386,0.39441720843246686,-0.00016828626,0.2029518143566053,0.04820446,0.26693818,-0.6880698,0.673038,1596.0804,1596.0804,955.3555,717.78046, , 
67383.965581958,387,0.3876263252515914,-0.000505887,0.19901959107842596,0.04910878,0.26597545,-0.68791294,0.6735141,1596.0804,1596.0804,955.3555,717.78076, , 
67383.982251208,388,0.39132062611480306,-0.00087596476,0.2114236117736325,0.049981188,0.26466045,-0.6878095,0.6740732,1596.0804,1596.0804,955.35516,717.7809, , 
67384.015589875,389,0.3729028514378073,-0.0017289808,0.21849850008732624,0.05193085,0.26125115,-0.6878167,0.6752475,1596.0804,1596.0804,955.3539,717.7804, , 
67384.032258958,390,0.37122796175256817,-0.0019797534,0.2252680438574452,0.05300099,0.25963932,-0.6879781,0.6756215,1596.0804,1596.0804,955.35333,717.7797, , 
67384.048928291,391,0.36668433103398307,-0.0024439618,0.23186281421141464,0.054048866,0.25810087,-0.68821096,0.6758907,1596.0804,1596.0804,955.35266,717.7784, , 
67384.065597541,392,0.357211025002315,-0.003008007,0.24388138974046666,0.054883316,0.25673482,-0.6885571,0.6759911,1596.5323,1596.5323,955.3522,717.77704, , 
67384.098936041,393,0.3485124586178416,-0.0042006066,0.2523283751107158,0.055871163,0.25411236,-0.6899014,0.6755303,1596.5323,1596.5323,955.35065,717.77185, , 
67384.115605333,394,0.3428911076373226,-0.004711896,0.25949828301121586,0.056139015,0.25271899,-0.6909728,0.6749356,1596.0804,1596.0804,955.34973,717.7683, , 
67384.132274625,395,0.3373426695627817,-0.005460308,0.2687075124106597,0.056343794,0.25135046,-0.69223917,0.67413145,1596.0804,1596.0804,955.3488,717.7641, , 
67384.148943916,396,0.33797873638749126,-0.005967699,0.26642247134800134,0.056486987,0.25020662,-0.6934649,0.67328477,1596.0804,1596.0804,955.34766,717.7584, , 
67384.182282416,397,0.3215392043059716,-0.006906934,0.2939926072115404,0.056414213,0.24909855,-0.69542944,0.6716734,1596.0804,1596.0804,955.34656,717.75146, , 
67384.198951708,398,0.3146371684592743,-0.007330656,0.291218316669475,0.056295656,0.24863869,-0.6963389,0.6709111,1596.0804,1596.0804,955.3461,717.7475, , 
67384.215621,399,0.31197754343880596,-0.0076260865,0.3019200726279305,0.056143165,0.2476579,-0.69743323,0.67014956,1596.0804,1596.0804,955.3454,717.74396, , 
67384.232290333,400,0.31128394061964426,-0.007494062,0.31404069688348424,0.056086,0.24592985,-0.6988143,0.6693515,1596.0804,1596.0804,955.34424,717.73956, , 
67384.26562875,401,0.2988462040007785,-0.0073863417,0.32401500937915834,0.05818445,0.24079219,-0.70161337,0.6681109,1596.0804,1596.0804,955.3416,717.7273, , 
67384.282298041,402,0.28911122032387293,-0.0074817687,0.3309235416516316,0.06048351,0.23942536,-0.7024025,0.66756874,1596.0804,1596.0804,955.3418,717.7235, , 
67384.298967333,403,0.282640136276934,-0.0077474723,0.34865309580015597,0.0636058,0.23974156,-0.70259535,0.6669619,1596.0804,1596.0804,955.3447,717.7211, , 
67384.332305791,404,0.2728935091429645,-0.009103797,0.363623109363753,0.07103567,0.24383125,-0.7016792,0.66569245,1596.0804,1596.0804,955.35345,717.7223, , 
67384.348975083,405,0.26889494193311725,-0.009692859,0.3767946441572975,0.07403643,0.24609312,-0.70105714,0.66518843,1596.0804,1596.0804,955.3581,717.7237, , 
67384.365644416,406,0.26709317270775246,-0.010149758,0.3843565003861315,0.07620812,0.24792965,-0.7004216,0.6649307,1596.0804,1596.0804,955.363,717.7258, , 
67384.382313708,407,0.2634901148767769,-0.010568991,0.3907638755608791,0.07768466,0.24912855,-0.6997632,0.66500497,1595.6285,1595.6285,955.3654,717.7277, , 
67384.398982875,408,0.249154086379221,-0.010991406,0.4044755807347693,0.07866242,0.24970393,-0.69909596,0.6653759,1595.6285,1595.6285,955.36707,717.7297, , 
67384.4323215,409,0.2471584655037705,-0.011940252,0.41389963019855214,0.07989384,0.24978565,-0.69746184,0.6669116,1596.0804,1596.0804,955.36835,717.7353, , 
67384.448990791,410,0.23922578335196992,-0.012491859,0.42815691453622556,0.08020056,0.24960831,-0.69646865,0.6679782,1596.0804,1596.0804,955.36835,717.7384, , 
67384.465660125,411,0.23958532919517733,-0.01306758,0.42678228004539204,0.0804758,0.24949954,-0.6954768,0.6690183,1596.0804,1596.0804,955.36835,717.7428, , 
67384.482329166,412,0.23513205547763352,-0.013603926,0.43376357231835727,0.0808765,0.24943863,-0.69462466,0.6698776,1596.0804,1596.0804,955.36847,717.74567, , 
67384.515667791,413,0.21954186365479583,-0.01457645,0.4492488040820675,0.08248659,0.25018612,-0.6930612,0.671021,1596.0804,1596.0804,955.3704,717.7513, , 
67384.532337125,414,0.21622082038800042,-0.015555397,0.45994023981531,0.08380626,0.2514363,-0.69217736,0.6713023,1596.0804,1596.0804,955.3725,717.7539, , 
67384.549006291,415,0.20989019410914805,-0.016168097,0.4632573522424055,0.085350536,0.25301194,-0.6912749,0.6714456,1596.0804,1596.0804,955.3752,717.75665, , 
67384.565675541,416,0.2090047156045492,-0.016628593,0.4717327511559119,0.086929224,0.25477383,-0.6904066,0.6714702,1596.0804,1596.0804,955.3793,717.7601, , 
67384.599014166,417,0.1932366845591019,-0.017462425,0.4919156372100406,0.08937993,0.2584804,-0.68865156,0.6715341,1595.6285,1595.6285,955.3852,717.7654, , 
67384.6156835,418,0.189826694264906,-0.017905468,0.494775947531076,0.09034586,0.26026258,-0.687707,0.6716844,1595.6285,1595.6285,955.3888,717.7693, , 
67384.632352625,419,0.18698688848932932,-0.018763144,0.5048139657557555,0.0914056,0.26192337,-0.68675506,0.67186946,1596.0804,1596.0804,955.3915,717.7723, , 
67384.649021916,420,0.1880935568676695,-0.019363098,0.5090455882140857,0.09261237,0.26333192,-0.68580294,0.6721261,1596.0804,1596.0804,955.39417,717.77527, , 
67384.66569125,421,0.1868192884018335,-0.019887745,0.5125335948869254,0.09395882,0.2645395,-0.68487877,0.6724074,1595.6285,1595.6285,955.39667,717.778, , 
67384.699029666,422,0.16967166525700886,-0.02100534,0.5242779132657729,0.096336186,0.2664415,-0.68283665,0.6733961,1595.6285,1595.6285,955.4023,717.7848, , 
67384.715698958,423,0.1607680462649924,-0.021633333,0.5330907533089768,0.09678135,0.26715264,-0.6817385,0.6741627,1595.6285,1595.6285,955.4038,717.78827, , 
67384.732368291,424,0.15940543940554067,-0.022627246,0.5402399805123443,0.096573934,0.26783705,-0.6806877,0.6749822,1595.6285,1595.6285,955.4047,717.79285, , 
67384.749037541,425,0.15132602122148206,-0.023435615,0.5448142023240431,0.09571481,0.26861614,-0.6797536,0.6757359,1595.6285,1595.6285,955.40485,717.7963, , 
67384.765706833,426,0.15005573870303873,-0.024209913,0.5506939118431471,0.094327934,0.2696371,-0.6788927,0.6763895,1595.6285,1595.6285,955.4046,717.79974, , 
67384.782375958,427,0.14005678647808448,-0.02497793,0.5626012175844674,0.09260369,0.27083588,-0.67814183,0.6769018,1595.6285,1595.6285,955.4041,717.804, , 
67384.815714625,428,0.13168429794935435,-0.026480433,0.5732117212431638,-0.089011334,-0.2735396,0.6771775,-0.67726195,1595.6285,1595.6285,955.4033,717.80896, , 
67384.832383916,429,0.12709233341637563,-0.027291555,0.5788534752965442,-0.087506816,-0.2751271,0.67699385,-0.67699844,1595.6285,1595.6285,955.4032,717.8104, , 
67384.849053083,430,0.12325459139387995,-0.028101947,0.5837119589204669,0.08609839,0.27689677,-0.6769324,0.676519,1595.6285,1595.6285,955.40356,717.81165, , 
67384.865722375,431,0.11609560452008293,-0.028936557,0.5899494258253468,0.08455666,0.27884167,-0.67697746,0.6758691,1595.6285,1595.6285,955.40393,717.8122, , 
67384.882391666,432,0.11476778575175532,-0.0297965,0.6035969252377382,0.082674466,0.2808636,-0.6771186,0.6751229,1595.6285,1595.6285,955.40424,717.81256, , 
67384.915730041,433,0.10065805428467264,-0.031454302,0.608404571861058,0.077744074,0.28444982,-0.67805445,0.6732654,1595.6285,1595.6285,955.4031,717.8116, , 
67384.932399375,434,0.08959780525923305,-0.032340605,0.6241190715229711,0.074807085,0.28627604,-0.67871934,0.67215323,1595.6285,1595.6285,955.4019,717.81024, , 
67384.949068708,435,0.0925241270925024,-0.033134677,0.6218427840904234,0.07168033,0.28812364,-0.6794556,0.6709596,1596.0804,1596.0804,955.4001,717.8083, , 
67384.965738,436,0.08361223978243632,-0.033884373,0.6258956666903249,0.06858194,0.29011557,-0.68016404,0.66970617,1596.0804,1596.0804,955.3989,717.8068, , 
67384.98240725,437,0.07726880727537401,-0.034576926,0.6429372166507622,0.06557549,0.29234007,-0.6808492,0.66834235,1596.0804,1596.0804,955.39795,717.8055, , 
67385.01574575,438,0.07342530404577409,-0.035470366,0.6494244367599941,0.059069198,0.29628336,-0.68274844,0.665268,1596.0804,1596.0804,955.3954,717.8006, , 
67385.032415041,439,0.06103143443463388,-0.036090996,0.6616357359359486,0.055053063,0.29861513,-0.68374556,0.6635437,1595.6285,1595.6285,955.39355,717.7979, , 
67385.049084333,440,0.05925023231132804,-0.036467206,0.6652774867519409,0.050992627,0.30175868,-0.6846631,0.6614966,1595.6285,1595.6285,955.392,717.79504, , 
67385.065753583,441,0.05201070154803625,-0.036674134,0.670077754764015,0.04748342,0.30553332,-0.6856562,0.658992,1595.6285,1595.6285,955.3923,717.79266, , 
67385.099092125,442,0.04882425380003555,-0.036620095,0.6871428713220776,0.04280203,0.31369886,-0.6880384,0.65296566,1596.0804,1596.0804,955.3966,717.7851, , 
67385.115761375,443,0.03898180814306229,-0.036377728,0.6899495212579453,0.040859375,0.31729066,-0.68928117,0.6500374,1595.6285,1595.6285,955.3987,717.78156, , 
67385.132430666,444,0.036629980433056354,-0.036665276,0.6991248386933262,0.038340412,0.32023975,-0.69052404,0.64742035,1595.6285,1595.6285,955.39984,717.77783, , 
67385.149099791,445,0.027084133060604372,-0.0363184,0.703843118779579,0.035077915,0.32276997,-0.6916045,0.64519167,1595.6285,1595.6285,955.3997,717.7744, , 
67385.165769125,446,0.03071800196243715,-0.03578318,0.7053743400194846,0.03130911,0.32560745,-0.6922051,0.643313,1595.6285,1595.6285,955.3988,717.77167, , 
67385.199107708,447,0.013718313729327785,-0.03488612,0.7252138603136028,0.024297554,0.3343818,-0.6914519,0.6399161,1595.6285,1595.6285,955.4001,717.774, , 
67385.215776833,448,0.015206060969498376,-0.034528177,0.7293306400255671,0.022187106,0.34008148,-0.69047105,0.6380455,1595.6285,1595.6285,955.40485,717.77893, , 
67385.232446166,449,0.013185159777463689,-0.03424488,0.736733171784731,0.02087517,0.3454739,-0.6896926,0.6360316,1595.6285,1595.6285,955.40936,717.7822, , 
67385.249115416,450,0.009969274335561013,-0.033657897,0.744440543671141,0.01984816,0.349762,-0.68938375,0.6340526,1595.6285,1595.6285,955.4136,717.78424, , 
67385.265784708,451,0.007899124222854475,-0.032885242,0.744582112013585,0.018548032,0.3528469,-0.68954587,0.63220364,1595.6285,1595.6285,955.41705,717.78436, , 
67385.282454041,452,-0.004913633659226093,-0.032045618,0.7556144091553677,0.016578086,0.3549533,-0.69002634,0.630553,1596.0804,1596.0804,955.41785,717.78314, , 
67385.315792458,453,-0.007853656465694199,-0.030634426,0.7653401432831451,0.010491226,0.3579182,-0.6910817,0.62784606,1595.6285,1595.6285,955.41504,717.77905, , 
67385.332461791,454,-0.01059294805157475,-0.03105385,0.7748112679926111,0.0068349307,0.3598572,-0.69113964,0.6267233,1595.6285,1595.6285,955.4133,717.7785, , 
67385.349131083,455,-0.01282167452104711,-0.03117398,0.7768536369567308,0.0033473368,0.36233523,-0.6908444,0.6256485,1595.6285,1595.6285,955.4122,717.7792, , 
67385.365800166,456,-0.014079373384617169,-0.03131492,0.7809111463519989,0.00029264783,0.3654047,-0.6903517,0.6244148,1595.6285,1595.6285,955.41205,717.7812, , 
67385.382469541,457,-0.0202442216952171,-0.03149066,0.78360765897049,-0.0021839547,0.36880347,-0.6899572,0.62284696,1595.6285,1595.6285,955.4132,717.7827, , 
67385.415808083,458,-0.028968360636275305,-0.03178534,0.7969548278990457,-0.0058387946,0.3753124,-0.6899258,0.6189579,1596.0804,1596.0804,955.4176,717.7833, , 
67385.432477416,459,-0.029167468904511717,-0.032208942,0.7995227806165282,-0.007412334,0.3781768,-0.69012165,0.6169761,1595.6285,1595.6285,955.4196,717.7828, , 
67385.449146541,460,-0.026927578698536674,-0.0324078,0.8109961806699856,-0.008787989,0.38060808,-0.6903835,0.6151674,1595.6285,1595.6285,955.4212,717.7819, , 
67385.465815875,461,-0.03781961940506797,-0.03257496,0.8150640487779922,-0.010143685,0.38285068,-0.69053906,0.6135782,1595.6285,1595.6285,955.4227,717.7813, , 
67385.4991545,462,-0.039682122261464774,-0.033140376,0.8264353047831149,-0.012858447,0.3870889,-0.68989295,0.6115918,1595.6285,1595.6285,955.4253,717.78296, , 
67385.515823541,463,-0.04578223999689904,-0.03356043,0.8336313557371091,-0.014270412,0.38904595,-0.68901944,0.61130345,1595.6285,1595.6285,955.42596,717.78546, , 
67385.532492916,464,-0.042926691778557444,-0.034007683,0.8415369241093643,-0.015893528,0.39092004,-0.6878945,0.61133456,1595.6285,1595.6285,955.42633,717.7899, , 
67385.549162166,465,-0.054260255861688436,-0.034525804,0.8472723030967807,-0.017662106,0.39265233,-0.6867638,0.6114473,1595.6285,1595.6285,955.4262,717.79346, , 
67385.582500791,466,-0.055873043405891554,-0.035684384,0.8555087511345149,-0.022019831,0.3959087,-0.68487227,0.6113276,1595.6285,1595.6285,955.4249,717.7995, , 
67385.599169916,467,-0.05769871789684818,-0.03631154,0.8693764953587746,-0.024551556,0.3975574,-0.68420464,0.6109086,1595.6285,1595.6285,955.42377,717.80225, , 
67385.61583925,468,-0.05930335678150678,-0.03699772,0.8720333242745284,-0.027092988,0.39927134,-0.68367255,0.6102787,1595.6285,1595.6285,955.42285,717.8037, , 
67385.6325085,469,-0.054360253900469634,-0.03809714,0.8797071781285064,-0.029706657,0.40105972,-0.6832655,0.6094398,1595.6285,1595.6285,955.4222,717.80475, , 
67385.665846875,470,-0.06057805365939627,-0.039805643,0.8926032754659511,-0.03459289,0.40444022,-0.6827631,0.607508,1596.0804,1596.0804,955.42053,717.8059, , 
67385.682516208,471,-0.07002847821482493,-0.04059885,0.8969563385670621,-0.037015915,0.40606064,-0.68264794,0.6064126,1596.0804,1596.0804,955.4199,717.8059, , 
67385.6991855,472,-0.062022396639931913,-0.041366547,0.9078356627312695,-0.039369605,0.40745753,-0.6826795,0.605291,1595.6285,1595.6285,955.4189,717.8053, , 
67385.715854833,473,-0.07356258027760162,-0.04209026,0.9132450946303596,-0.04159664,0.408405,-0.6829808,0.60416245,1595.6285,1595.6285,955.41785,717.804, , 
67385.74919325,474,-0.07756197750908442,-0.043854117,0.9266580300936869,-0.045320768,0.40920538,-0.6842856,0.60187215,1595.6285,1595.6285,955.4149,717.798, , 
67385.765862541,475,-0.07769731615641738,-0.044619586,0.9373594063418458,-0.04701636,0.40952966,-0.6850306,0.600673,1595.6285,1595.6285,955.41376,717.79504, , 
67385.782531791,476,-0.07380903858818245,-0.045397412,0.9472490043252397,-0.04866317,0.40991944,-0.68576413,0.5994377,1595.6285,1595.6285,955.41284,717.7921, , 
67385.799201166,477,-0.07398366224127699,-0.04621896,0.9550025009992127,-0.050360315,0.41047564,-0.68642896,0.59815454,1595.6285,1595.6285,955.4117,717.7885, , 
67385.832539541,478,-0.08382410761771313,-0.04830913,0.9701226945886173,-0.054050304,0.41218838,-0.6876956,0.59519243,1595.6285,1595.6285,955.4105,717.7832, , 
67385.849208833,479,-0.07665939742678096,-0.049282905,0.9761315519587083,-0.056018658,0.4132537,-0.6884271,0.59342337,1595.6285,1595.6285,955.41003,717.77936, , 
67385.865878125,480,-0.07966919050682562,-0.050129816,0.9855825908713143,-0.05802963,0.41419318,-0.68924034,0.59162855,1595.6285,1595.6285,955.4096,717.776, , 
67385.882547458,481,-0.07777312640322817,-0.05092223,0.994974193457839,-0.059826955,0.41512808,-0.6899712,0.5899399,1595.6285,1595.6285,955.40924,717.7729, , 
67385.915885916,482,-0.08327166044413382,-0.052493095,1.0096865378951156,-0.06217403,0.41828996,-0.6907059,0.58659464,1595.6285,1595.6285,955.4109,717.76874, , 
67385.932555166,483,-0.08045373486630376,-0.05349972,1.025174945656424,-0.062485114,0.42092776,-0.6907196,0.58465534,1595.6285,1595.6285,955.4137,717.7686, , 
67385.949224458,484,-0.08239522461094567,-0.054266848,1.0325128614191907,-0.06247894,0.42405137,-0.6907958,0.5823039,1595.6285,1595.6285,955.4175,717.76886, , 
67385.965893625,485,-0.08845777498099448,-0.05479692,1.0379773614346208,-0.062444214,0.4270993,-0.69114935,0.5796547,1595.6285,1595.6285,955.4232,717.7681, , 
67385.999232166,486,-0.08227662401364026,-0.0553611,1.0649276600038193,-0.062937915,0.43251285,-0.6921593,0.57435787,1595.6285,1595.6285,955.43085,717.7651, , 
67386.015901458,487,-0.08681405861486918,-0.055586174,1.0754601838014697,-0.063245974,0.43527302,-0.69238985,0.57195604,1595.6285,1595.6285,955.4357,717.7639, , 
67386.032570791,488,-0.08592362353836121,-0.05646465,1.0738668437253625,-0.063314274,0.43797758,-0.6924409,0.56981784,1595.6285,1595.6285,955.4397,717.7639, , 
67386.065909166,489,-0.08613584819245301,-0.05702542,1.094307544768932,-0.06319448,0.44229347,-0.69266146,0.56621814,1595.6285,1595.6285,955.44775,717.76385, , 
67386.082578541,490,-0.09403513499690408,-0.057038695,1.1007347099686815,-0.063374326,0.44344166,-0.6928837,0.5650269,1595.6285,1595.6285,955.4497,717.76324, , 
67386.099247833,491,-0.0928111816318894,-0.056936685,1.1136915756710255,-0.06382897,0.44391495,-0.69315076,0.56427604,1595.6285,1595.6285,955.4504,717.7623, , 
67386.115916916,492,-0.09668446790623389,-0.0567267,1.1153741460228812,-0.06459084,0.44391003,-0.6934619,0.56381077,1595.6285,1595.6285,955.4502,717.7611, , 
67386.149255583,493,-0.10070024819661352,-0.05659702,1.1358932688560588,-0.06639436,0.44396654,-0.6938148,0.5631221,1595.6285,1595.6285,955.4483,717.7586, , 
67386.165924791,494,-0.09898453136149721,-0.056609105,1.1435953824680691,-0.06705321,0.4452903,-0.6933959,0.56251454,1595.6285,1595.6285,955.44867,717.7592, , 
67386.182594125,495,-0.10059978667741871,-0.056763083,1.1540292732323332,-0.06758098,0.44780263,-0.69252634,0.56152725,1595.6285,1595.6285,955.4515,717.7625, , 
67386.215932541,496,-0.10122200951914985,-0.0572192,1.1615625522863413,-0.06904401,0.45437193,-0.69023246,0.5588901,1595.6285,1595.6285,955.4578,717.77014, , 
67386.232601875,497,-0.10299122307440964,-0.05755256,1.1724295078179312,-0.07039125,0.45719242,-0.6890846,0.5578374,1595.6285,1595.6285,955.461,717.77496, , 
67386.249271125,498,-0.10931292491033057,-0.057899177,1.1812377225607513,-0.07206639,0.45953915,-0.68789965,0.55715734,1595.6285,1595.6285,955.4619,717.7785, , 
67386.265940291,499,-0.11398164417722612,-0.058087323,1.1920129871531642,-0.0738429,0.46167704,-0.6866754,0.55666727,1595.6285,1595.6285,955.4624,717.782, , 
67386.299278833,500,-0.1063308617511558,-0.058566473,1.20414981075648,-0.07713141,0.466167,-0.68431646,0.55538285,1595.6285,1595.6285,955.46344,717.78986, , 
67386.315948125,501,-0.11168425268819479,-0.058954157,1.213455405934464,-0.07846151,0.46873862,-0.6832149,0.5543873,1595.6285,1595.6285,955.46484,717.79315, , 
67386.332617291,502,-0.12108733431580813,-0.059389237,1.2196983090041553,-0.07965901,0.47131056,-0.6822353,0.55324113,1595.6285,1595.6285,955.4674,717.7971, , 
67386.349286541,503,-0.12644738483137813,-0.059832036,1.2226623979173035,-0.080943085,0.47366878,-0.68138874,0.5520827,1595.6285,1595.6285,955.4691,717.79956, , 
67386.382625208,504,-0.13046152310643977,-0.0606257,1.2388057432590178,-0.08501672,0.4771234,-0.68010455,0.5500756,1595.6285,1595.6285,955.4697,717.8025, , 
67386.399294458,505,-0.13133264686256105,-0.06097651,1.2446993234944295,-0.0879715,0.47828576,-0.679567,0.54926544,1595.6285,1595.6285,955.4674,717.80316, , 
67386.415963583,506,-0.1319030563424352,-0.06132745,1.2515965807356055,-0.09146128,0.47929782,-0.6790543,0.54844666,1595.6285,1595.6285,955.4647,717.8032, , 
67386.449302125,507,-0.1383866203037691,-0.06226702,1.2621307170276577,-0.099092185,0.4816436,-0.67830455,0.54598814,1595.6285,1595.6285,955.45795,717.80176, , 
67386.4659715,508,-0.14306698438632431,-0.06268864,1.2736859747219265,-0.10297944,0.48330313,-0.678044,0.5441228,1595.6285,1595.6285,955.4559,717.80066, , 
67386.482640791,509,-0.14817874719435897,-0.06305744,1.2789799951039955,-0.10691688,0.4851057,-0.67793244,0.5418936,1595.6285,1595.6285,955.4542,717.79913, , 
67386.499309833,510,-0.15000143438351016,-0.06328936,1.2790596106808054,-0.11111568,0.48674792,-0.6780605,0.53941053,1595.6285,1595.6285,955.4518,717.7958, , 
67386.5326485,511,-0.15736008360553394,-0.063578956,1.3001252231981721,-0.119685866,0.49041918,-0.6785816,0.53356475,1595.6285,1595.6285,955.44806,717.789, , 
67386.54931775,512,-0.15893719920754407,-0.06379585,1.3028836189835786,-0.122759536,0.49319887,-0.67899007,0.5297711,1595.6285,1595.6285,955.4492,717.7849, , 
67386.565986916,513,-0.16213058690991708,-0.06392934,1.3068120201325322,-0.1250164,0.49627435,-0.67979926,0.52531487,1595.6285,1595.6285,955.4525,717.78143, , 
67386.599325416,514,-0.16594025416892927,-0.06365529,1.3275177074927156,-0.13011293,0.5006731,-0.6822007,0.5167197,1595.6285,1595.6285,955.45844,717.7693, , 
67386.61599475,515,-0.17627146114936654,-0.063393116,1.3300608200343333,-0.13353631,0.50229746,-0.6829759,0.5132342,1595.6285,1595.6285,955.4587,717.7643, , 
67386.632663875,516,-0.17465300402455367,-0.06336809,1.3375464967588009,-0.13705009,0.50409997,-0.6831868,0.51025105,1595.6285,1595.6285,955.45844,717.76074, , 
67386.666002458,517,-0.18039685759534985,-0.0631652,1.3489819808369545,-0.14319721,0.5085513,-0.68249094,0.5050507,1595.6285,1595.6285,955.4588,717.7578, , 
67386.68267175,518,-0.18580370502387986,-0.06286743,1.3555674519472414,-0.14579964,0.51100004,-0.6817628,0.502813,1595.6285,1595.6285,955.4595,717.7582, , 
67386.699341083,519,-0.18572181402612375,-0.06250151,1.356431879931679,-0.14799541,0.51346344,-0.6808832,0.50084996,1595.6285,1595.6285,955.46027,717.7594, , 
67386.7326795,520,-0.1934809970019933,-0.061604116,1.3754227134646657,-0.15078446,0.5176198,-0.67974055,0.49727917,1595.6285,1595.6285,955.46356,717.7621, , 
67386.749348708,521,-0.19471004942661763,-0.061007734,1.376182528272373,-0.15173501,0.51888037,-0.67972857,0.49569026,1595.6285,1595.6285,955.465,717.7619, , 
67386.782687208,522,-0.19873613599407774,-0.05911354,1.3880737701272112,-0.15461242,0.5199775,-0.6796564,0.4937465,1595.6285,1595.6285,955.46484,717.7596, , 
67386.7993565,523,-0.20120876529796491,-0.058106795,1.3923380768566371,-0.15657528,0.5202163,-0.6793244,0.49333304,1595.6285,1595.6285,955.4631,717.75885, , 
67386.816025791,524,-0.20463902947341917,-0.05719801,1.394208824752294,-0.15847656,0.520617,-0.6787634,0.49307525,1595.6285,1595.6285,955.4611,717.75867, , 
67386.849364375,525,-0.20321149613909145,-0.05614821,1.4020032022425408,-0.16107237,0.5227794,-0.6769807,0.49239665,1595.6285,1595.6285,955.45886,717.7622, , 
67386.8660335,526,-0.2076311847404356,-0.05566895,1.4095158744932492,-0.16199784,0.52412623,-0.6760356,0.49195954,1595.6285,1595.6285,955.4591,717.7647, , 
67386.882702791,527,-0.20898520572826493,-0.05516299,1.4177519328180441,-0.16304012,0.5250531,-0.6752708,0.49167717,1595.6285,1595.6285,955.459,717.7672, , 
67386.916041375,528,-0.21258975172663527,-0.05428063,1.419268517488118,-0.16577472,0.5257249,-0.67407984,0.49167916,1595.6285,1595.6285,955.45636,717.76886, , 
67386.9327105,529,-0.21659843570561843,-0.054271817,1.4228454643526798,-0.16700275,0.5260023,-0.67342645,0.49186212,1595.6285,1595.6285,955.4541,717.76996, , 
67386.949379791,530,-0.21838952703792433,-0.054445297,1.4283155178679847,-0.1679124,0.52644074,-0.6727272,0.49204025,1595.6285,1595.6285,955.45294,717.77124, , 
67386.982718333,531,-0.21524974092810423,-0.054861665,1.4330614364394922,-0.16854659,0.5277262,-0.67157584,0.4920194,1595.6285,1595.6285,955.4528,717.77496, , 
67386.999387625,532,-0.21969633369149758,-0.055112105,1.4419690691612739,-0.16841806,0.52824336,-0.67118907,0.49203616,1595.6285,1595.6285,955.4533,717.77637, , 
67387.032726083,533,-0.22499757241835894,-0.056417234,1.4455659512181924,-0.1677718,0.52951616,-0.6702007,0.49223602,1595.6285,1595.6285,955.4551,717.78076, , 
67387.049395375,534,-0.22659951130845835,-0.05732972,1.4542770077530653,-0.16756761,0.5298445,-0.6698657,0.49240813,1595.6285,1595.6285,955.4556,717.7823, , 
67387.066064666,535,-0.2200842994477481,-0.057760753,1.449775389221025,-0.16789173,0.5294841,-0.6697858,0.49279392,1595.6285,1595.6285,955.4551,717.7826, , 
67387.099403083,536,-0.22460113162248477,-0.058426186,1.459747724968515,-0.16926533,0.5281977,-0.6696339,0.49390975,1595.6285,1595.6285,955.45074,717.78143, , 
67387.116072333,537,-0.22316492156004705,-0.058953844,1.453344362388405,-0.1694663,0.5281628,-0.6694458,0.4941331,1595.6285,1595.6285,955.4498,717.78174, , 
67387.132741666,538,-0.22488469247923876,-0.059819423,1.4574453898748083,-0.16893995,0.5285848,-0.66939443,0.49393162,1595.6285,1595.6285,955.4504,717.7823, , 
67387.166080083,539,-0.22484562389362736,-0.061678477,1.4569008222249007,-0.16624297,0.53003836,-0.66986805,0.49264523,1595.6285,1595.6285,955.4564,717.78394, , 
67387.182749333,540,-0.22451661286021346,-0.06252754,1.4604332967513995,-0.16454068,0.53033864,-0.6704351,0.4921221,1595.6285,1595.6285,955.4595,717.78394, , 
67387.216087958,541,-0.2290236220919736,-0.06434163,1.4633411087355401,-0.16081521,0.5302849,-0.67142814,0.4920576,1595.6285,1595.6285,955.46515,717.7836, , 
67387.232757083,542,-0.22620649725782677,-0.065781705,1.4673522546517501,-0.15865993,0.530548,-0.6713968,0.49251628,1595.6285,1595.6285,955.4677,717.78503, , 
67387.249426375,543,-0.22427434924041123,-0.06737592,1.4708490972603854,-0.1562896,0.53105515,-0.67097825,0.49329725,1595.1766,1595.1766,955.4713,717.7891, , 
67387.282764958,544,-0.22813772718048536,-0.070338875,1.4683579297288332,-0.15094478,0.53163475,-0.6700417,0.495605,1595.6285,1595.6285,955.47705,717.79675, , 
67387.29943425,545,-0.23735377388739717,-0.071742535,1.4657590576138333,-0.14821553,0.53119785,-0.6699329,0.4970421,1595.6285,1595.6285,955.4798,717.8005, , 
67387.316103333,546,-0.23825886824981876,-0.07314443,1.4709081647397007,-0.14537466,0.53044456,-0.67006904,0.49849993,1595.6285,1595.6285,955.4817,717.80225, , 
67387.349441916,547,-0.24336598915054794,-0.07653952,1.4712700799070257,-0.13779907,0.52870065,-0.6706085,0.50176823,1595.6285,1595.6285,955.48816,717.8066, , 
67387.366111166,548,-0.24296361645276338,-0.07828893,1.4712638926002453,-0.13310283,0.5280396,-0.67067856,0.50363487,1595.6285,1595.6285,955.4924,717.8096, , 
67387.382780333,549,-0.24268719562205734,-0.080124915,1.4763887568294156,-0.12810999,0.52756584,-0.67047095,0.5056984,1595.6285,1595.6285,955.497,717.81354, , 
67387.416118916,550,-0.25086634697994636,-0.08402454,1.479467522695929,-0.11781697,0.5268316,-0.6697928,0.50984836,1595.1766,1595.1766,955.5088,717.8241, , 
67387.432788166,551,-0.2606476685043312,-0.08623792,1.4748840573924193,-0.11236284,0.52645075,-0.66950893,0.51184183,1595.1766,1595.1766,955.51447,717.8284, , 
67387.466126625,552,-0.2628349033979109,-0.090727694,1.476475138302425,-0.09995929,0.52492464,-0.669597,0.5158507,1595.6285,1595.6285,955.52966,717.8368, , 
67387.482795916,553,-0.2646388652269397,-0.092919216,1.4716388121470327,-0.09272269,0.5235034,-0.67004853,0.5180556,1595.1766,1595.1766,955.5371,717.83936, , 
67387.499465166,554,-0.2725749419336526,-0.09508665,1.4782335581182036,-0.0851634,0.52182174,-0.6705048,0.5204541,1595.1766,1595.1766,955.5447,717.8417, , 
67387.532803625,555,-0.27430866092544137,-0.09938301,1.4837363677101947,-0.07002611,0.5174401,-0.6711149,0.52626693,1595.6285,1595.6285,955.5611,717.8473, , 
67387.549472875,556,-0.2867472049139858,-0.101346776,1.4788026212613479,-0.06231578,0.51426685,-0.67149806,0.5298459,1595.6285,1595.6285,955.5669,717.849, , 
67387.566142166,557,-0.2862802530636551,-0.103003114,1.484505323446347,-0.05444037,0.5104534,-0.671844,0.53394675,1595.1766,1595.1766,955.5733,717.8509, , 
67387.5828115,558,-0.2878920893684817,-0.10439587,1.4839918962435739,-0.046780936,0.5061921,-0.6719664,0.5385558,1595.1766,1595.1766,955.5768,717.85254, , 
67387.616149833,559,-0.30923367078804875,-0.1064395,1.4839225296908534,-0.03195074,0.49667642,-0.6715908,0.5488693,1595.1766,1595.1766,955.5809,717.85675, , 
67387.632819208,560,-0.31132868986264794,-0.107240394,1.4832700774859626,-0.024108943,0.49143448,-0.6712857,0.5543342,1595.1766,1595.1766,955.5834,717.85986, , 
67387.649488416,561,-0.3136826113865229,-0.107837416,1.4802064849190015,-0.015913192,0.48572212,-0.67095053,0.5600412,1595.1766,1595.1766,955.58527,717.86206, , 
67387.682826875,562,-0.3166401670580302,-0.10831125,1.4815658069492825,0.0009980955,0.47253925,-0.6702492,0.57225144,1595.1766,1595.1766,955.58746,717.8659, , 
67387.699496125,563,-0.33713333663010714,-0.10832892,1.4803813641148507,0.009452868,0.4654163,-0.6698034,0.5784996,1595.1766,1595.1766,955.58746,717.8672, , 
67387.716165416,564,-0.33560944932324194,-0.10826874,1.4766783048969976,0.018015904,0.4580104,-0.66928285,0.58477545,1595.1766,1595.1766,955.58734,717.86835, , 
67387.732834666,565,-0.3416217609568296,-0.10808791,1.4734289125763238,0.026714655,0.45029968,-0.66870123,0.5910627,1595.1766,1595.1766,955.58704,717.86975, , 
67387.749503833,566,-0.3490149883768067,-0.10792808,1.4750435997531324,0.03544803,0.44240725,-0.66791916,0.59741384,1595.1766,1595.1766,955.5867,717.87103, , 
67387.782842458,567,-0.361794497317379,-0.1079662,1.4703749101424888,0.053041887,0.4263812,-0.6655368,0.6102838,1595.1766,1595.1766,955.5858,717.8755, , 
67387.799511708,568,-0.3668458285535776,-0.10816973,1.4610024814708653,0.061975684,0.41831037,-0.6639799,0.6166897,1595.1766,1595.1766,955.58594,717.878, , 
67387.816180958,569,-0.3722179010229123,-0.10850843,1.462095645549686,0.07090075,0.41024393,-0.6622083,0.6230195,1595.1766,1595.1766,955.5862,717.88074, , 
67387.832850041,570,-0.38093620849152177,-0.109031156,1.455660440220294,0.07970132,0.4020342,-0.66029644,0.62930506,1590.2057,1590.2057,955.58655,717.88477, , 
67387.849519416,571,-0.3782409247061812,-0.10964505,1.4580177219418191,0.088386305,0.39359865,-0.6583974,0.6354375,1590.2057,1590.2057,955.58655,717.88745, , 
67387.866188666,572,-0.392308210290817,-0.11031892,1.4456584449659313,0.09706698,0.38511142,-0.6565319,0.6412746,1590.2057,1590.2057,955.5864,717.8896, , 
67387.899527208,573,-0.4023158980699865,-0.11197066,1.4355608297665052,0.11478761,0.36854604,-0.6527096,0.6518956,1592.4652,1592.4652,955.58795,717.89355, , 
67387.916196375,574,-0.4090242632452412,-0.11295494,1.4298669805443578,-0.123917624,-0.36055148,0.6506375,-0.6567479,1592.4652,1592.4652,955.5898,717.895, , 
67387.932865625,575,-0.4142548618027898,-0.11399989,1.4301098574743005,-0.13324822,-0.35271627,0.64836264,-0.6614091,1592.4652,1592.4652,955.59235,717.89655, , 
67387.949534958,576,-0.41875220621987785,-0.11513847,1.4188404492983582,-0.1426996,-0.3449849,0.64585453,-0.6659535,1592.4652,1592.4652,955.5967,717.89886, , 
67387.96620425,577,-0.42736873120067376,-0.11639163,1.4185563537696826,-0.15217428,-0.33743206,0.64314234,-0.67033607,1594.7247,1594.7247,955.6004,717.9008, , 
67387.982873333,578,-0.43187821973465407,-0.11772811,1.4096322653174005,-0.16167787,-0.33003405,0.6403062,-0.6744967,1594.7247,1594.7247,955.6047,717.9028, , 
67388.016211958,579,-0.43813693871216053,-0.12053518,1.4037454049994333,-0.1808614,-0.31531677,0.6345061,-0.68210447,1595.1766,1595.1766,955.61584,717.9064, , 
67388.032881166,580,-0.4459927989601548,-0.122091234,1.3980547085535233,-0.19046672,-0.30800208,0.63155127,-0.6855656,1597.4362,1597.4362,955.62085,717.9073, , 
67388.04955025,581,-0.4560327469963473,-0.12365118,1.3905363796036811,-0.20005749,-0.30087844,0.6284051,-0.6888804,1596.9843,1596.9843,955.6283,717.9085, , 
67388.066219625,582,-0.4585326371947421,-0.1252601,1.3749882426509068,-0.20969133,-0.2938946,0.6250593,-0.69206667,1596.9843,1596.9843,955.63434,717.90955, , 
67388.082888875,583,-0.4696925022045149,-0.126881,1.369975587809834,-0.21927194,-0.28682968,0.62157667,-0.6951913,1596.9843,1596.9843,955.6405,717.9105, , 
67388.116227458,584,-0.4789179262805973,-0.13002491,1.3527337388674048,-0.23751818,-0.27204818,0.6143631,-0.7015219,1599.2438,1599.2438,955.65295,717.9131, , 
67388.132896541,585,-0.48968260743566633,-0.13132776,1.3614401750043248,-0.2461234,-0.26437604,0.61069024,-0.7046886,1599.2438,1599.2438,955.6571,717.9142, , 
67388.149565916,586,-0.49456371600557336,-0.13258831,1.3444821116687335,-0.2546174,-0.25676337,0.6069588,-0.70770305,1599.6957,1599.6957,955.66235,717.9156, , 
67388.182904416,587,-0.505163469166224,-0.13516138,1.330473529927957,-0.27138773,-0.24203025,0.5992656,-0.7131975,1601.9552,1601.9552,955.67126,717.9175, , 
67388.199573583,588,-0.5043969928022961,-0.13622066,1.3243473251298372,-0.2795024,-0.23433082,0.59560466,-0.7156973,1601.9552,1601.9552,955.67615,717.9178, , 
67388.216242875,589,-0.512824525903448,-0.1370891,1.3183570786655858,-0.28743955,-0.22630717,0.59212255,-0.71802115,1601.9552,1601.9552,955.6786,717.9172, , 
67388.249581416,590,-0.5223437608968746,-0.13868548,1.3006608046122676,-0.30309457,-0.21040846,0.58492,-0.72230923,1604.2147,1604.2147,955.6833,717.9155, , 
67388.266250666,591,-0.5286929012176736,-0.1394217,1.2941335478737854,-0.31081665,-0.20296486,0.58103406,-0.7242912,1603.7628,1603.7628,955.68756,717.9151, , 
67388.282919791,592,-0.5331160598715597,-0.14008614,1.286094376356888,-0.31836572,-0.19586799,0.5771555,-0.7260651,1603.7628,1603.7628,955.6914,717.91486, , 
67388.316258416,593,-0.5426939032428043,-0.140882,1.2663261555556553,-0.33246073,-0.18211488,0.56988317,-0.7290659,1608.2819,1608.2819,955.6991,717.9132, , 
67388.332927666,594,-0.546303576433869,-0.14092392,1.2675184544220173,-0.33896875,-0.17520809,0.5665088,-0.73039037,1608.2819,1608.2819,955.7013,717.9122, , 
67388.34959675,595,-0.5527527299616554,-0.14100994,1.2588850595410377,-0.34506878,-0.16810155,0.5632084,-0.7317552,1608.2819,1608.2819,955.70245,717.91113, , 
67388.382935375,596,-0.5651234044681753,-0.14094853,1.23626922613987,-0.35590342,-0.15296155,0.5565566,-0.7349695,1605.1185,1605.1185,955.70105,717.9102, , 
67388.399604625,597,-0.5692445569799605,-0.14079985,1.2268210072650043,-0.36089918,-0.14531018,0.55302334,-0.7367509,1605.1185,1605.1185,955.69965,717.9108, , 
67388.416273958,598,-0.5676123806572576,-0.140531,1.2238418626738043,-0.36584193,-0.137851,0.5494298,-0.73843324,1605.1185,1605.1185,955.6985,717.91174, , 
67388.449612375,599,-0.5762881396945259,-0.14004472,1.2072596424716215,-0.37533742,-0.12330869,0.54264164,-0.74125355,1605.1185,1605.1185,955.69617,717.91296, , 
67388.466281625,600,-0.5826868567129062,-0.13921393,1.190848573315979,-0.3797285,-0.115838304,0.53964114,-0.74241173,1605.1185,1605.1185,955.694,717.91284, , 
67388.482950916,601,-0.5928170361438683,-0.13813007,1.183149207001371,-0.38385892,-0.10824831,0.5369949,-0.74335134,1605.1185,1605.1185,955.68964,717.91187, , 
67388.499620041,602,-0.5863926882609317,-0.13686204,1.1706949054354172,-0.38784754,-0.10062618,0.5346469,-0.74404395,1605.1185,1605.1185,955.6855,717.91034, , 
67388.532958583,603,-0.597179093199586,-0.13419619,1.1536799472791421,-0.39550593,-0.085856274,0.53036475,-0.7449275,1605.5704,1605.5704,955.67523,717.9057, , 
67388.549627916,604,-0.601464866011155,-0.13287464,1.1353525259429749,-0.39918292,-0.078689694,0.5282844,-0.74523586,1605.5704,1605.5704,955.67096,717.9037, , 
67388.566297125,605,-0.6038893853474097,-0.13159359,1.1265594531624419,-0.40277082,-0.07162999,0.526231,-0.74547017,1605.5704,1605.5704,955.66675,717.9017, , 
67388.599635541,606,-0.6099207509348393,-0.12926306,1.114953768840834,-0.40963635,-0.057763547,0.5222609,-0.74572444,1605.5704,1605.5704,955.65656,717.897, , 
67388.616304833,607,-0.6057905667484212,-0.12828623,1.1030419595776781,-0.4130694,-0.051080238,0.5201555,-0.74579,1605.1185,1605.1185,955.6526,717.8952, , 
67388.632974125,608,-0.6088784079956046,-0.12788288,1.094179370355006,-0.41658843,-0.044616602,0.5179143,-0.7458072,1605.1185,1605.1185,955.64825,717.89294, , 
67388.649643291,609,-0.6198162536589115,-0.12756608,1.0826012780609204,-0.42008677,-0.03846437,0.51546997,-0.74588084,1605.1185,1605.1185,955.6458,717.89166, , 
67388.682981833,610,-0.62145463832798,-0.12674147,1.063561622821809,-0.42665416,-0.02742221,0.5100916,-0.74633825,1605.1185,1605.1185,955.6432,717.8912, , 
67388.699651125,611,-0.6217142896716564,-0.12620746,1.0523076451488138,-0.42964792,-0.022156406,0.5078399,-0.7463313,1605.1185,1605.1185,955.6412,717.8906, , 
67388.716320375,612,-0.6203192654504862,-0.12551498,1.0408032425844413,-0.43237853,-0.016734835,0.5061749,-0.74602664,1605.1185,1605.1185,955.6383,717.88904, , 
67388.749658833,613,-0.6347067049533299,-0.12541735,1.0218367234045833,-0.43760967,-0.00688191,0.5029221,-0.745332,1605.1185,1605.1185,955.6314,717.8848, , 
67388.766328,614,-0.6260425299540584,-0.12496635,1.0087386740813897,-0.4408153,-0.0033153193,0.50050867,-0.7450919,1603.3109,1603.3109,955.63214,717.88403, , 
67388.782997333,615,-0.6250376842117888,-0.12436858,1.0053387228217208,-0.44443613,-0.0001442235,0.49808082,-0.744575,1602.859,1602.859,955.63446,717.8827, , 
67388.799666416,616,-0.6319589200965444,-0.123576716,0.9886725951747158,-0.4478979,0.0034008883,0.49620968,-0.7437418,1602.859,1602.859,955.6359,717.8792, , 
67388.833005,617,-0.6327034318448183,-0.12126086,0.9714358685220865,-0.45327914,0.012412311,0.49386653,-0.74194324,1601.0514,1601.0514,955.6313,717.8727, , 
67388.849674333,618,-0.6294841251027988,-0.12021677,0.9660733228144025,-0.45550495,0.017143758,0.49271172,-0.7412533,1601.0514,1601.0514,955.6264,717.8693, , 
67388.866343583,619,-0.6327627507099969,-0.11936407,0.9532713567453994,-0.45760137,0.021520028,0.49136057,-0.7407447,1601.0514,1601.0514,955.6234,717.8676, , 
67388.899682041,620,-0.6393311598493328,-0.11799128,0.9401492013998276,-0.46117222,0.029353077,0.488413,-0.74021035,1598.34,1598.34,955.61816,717.86597, , 
67388.91635125,621,-0.6395884167550352,-0.117367424,0.9336552478828651,-0.46260774,0.032873508,0.48708537,-0.7400414,1598.34,1598.34,955.61597,717.8657, , 
67388.933020541,622,-0.6400704844273872,-0.11609854,0.9244856103846705,-0.46399343,0.036170088,0.48584548,-0.73983514,1598.7919,1598.7919,955.61395,717.8655, , 
67388.949689666,623,-0.6420549318232585,-0.115279645,0.9137394922087254,-0.46529528,0.03927624,0.48463055,-0.7396559,1596.5323,1596.5323,955.61145,717.86523, , 
67388.983028208,624,-0.639458965868096,-0.113988705,0.9076306878117959,-0.46758044,0.044592436,0.48244417,-0.7393427,1596.5323,1596.5323,955.6085,717.86505, , 
67388.9996975,625,-0.6417929000707208,-0.11329876,0.8974013135480418,-0.46875405,0.046725053,0.48168516,-0.7389627,1596.5323,1596.5323,955.60736,717.8645, , 
67389.016366833,626,-0.6408668736401432,-0.11250047,0.8876862907852274,-0.4701621,0.048565622,0.48118258,-0.73827654,1594.2728,1594.2728,955.6061,717.8622, , 
67389.049705125,627,-0.6399480430314426,-0.11024372,0.8901531806331854,-0.4731125,0.052026983,0.4809507,-0.73630446,1594.2728,1594.2728,955.60364,717.8562, , 
67389.0663745,628,-0.6374730032743182,-0.10916794,0.880583469057955,-0.47383064,0.053899534,0.481189,-0.73555183,1594.2728,1594.2728,955.6004,717.8528, , 
67389.08304375,629,-0.643077176662406,-0.1080816,0.8779781963292557,-0.4740897,0.055812083,0.48156783,-0.7349941,1591.5614,1591.5614,955.5971,717.85095, , 
67389.116382166,630,-0.6515101408604447,-0.10591811,0.8719874401880725,-0.4740447,0.059160464,0.48240998,-0.7342086,1591.5614,1591.5614,955.58954,717.84814, , 
67389.133051458,631,-0.6420556433980626,-0.104623914,0.8700191046777557,-0.47394967,0.060083285,0.4828749,-0.73388934,1591.5614,1591.5614,955.5869,717.8474, , 
67389.149720666,632,-0.6477030412800884,-0.10353181,0.8736167791020651,-0.47346848,0.06085789,0.4834923,-0.73372954,1587.4941,1587.4941,955.58435,717.8469, , 
67389.166389791,633,-0.6452405648127958,-0.102509186,0.8658688852766137,-0.47271407,0.061667204,0.48432076,-0.73360205,1587.4941,1587.4941,955.58154,717.84656, , 
67389.199728333,634,-0.6533147751863723,-0.10064609,0.8643442095392211,-0.4708387,0.06368473,0.4861295,-0.7334394,1587.4941,1587.4941,955.5733,717.8458, , 
67389.216397625,635,-0.6529097068311155,-0.099885285,0.865447873474594,-0.4697784,0.06467187,0.48684534,-0.73355806,1599.6957,1599.6957,955.56995,717.84607, , 
67389.233066958,636,-0.6551729407665073,-0.099057265,0.8776808244444086,-0.46882063,0.06534948,0.48728842,-0.73381644,1599.6957,1599.6957,955.5661,717.8474, , 
67389.266405333,637,-0.658936507623539,-0.09799609,0.875615648847813,-0.46665266,0.066653006,0.48817837,-0.73448926,1599.6957,1599.6957,955.5611,717.85016, , 
67389.283074666,638,-0.6574033425625239,-0.09753161,0.8783815246733077,-0.46563312,0.06716045,0.48896536,-0.7345666,1599.6957,1599.6957,955.5576,717.85077, , 
67389.299743875,639,-0.6657250589083186,-0.09709345,0.8749753629792494,-0.46472073,0.06737039,0.4900016,-0.7344347,1599.6957,1599.6957,955.55505,717.85034, , 
67389.333082291,640,-0.6687836575907473,-0.09687489,0.8860083850704653,-0.46318337,0.06642316,0.49214217,-0.7340608,1599.6957,1599.6957,955.5511,717.84845, , 
67389.349751583,641,-0.6716903107122746,-0.096837774,0.8820078358058658,-0.4622784,0.06543965,0.49315685,-0.7340386,1599.6957,1599.6957,955.5502,717.84796, , 
67389.366420833,642,-0.676745056538064,-0.096733466,0.8910144644095743,-0.4611874,0.06433672,0.49427468,-0.7340705,1599.6957,1599.6957,955.5493,717.8478, , 
67389.39975925,643,-0.6888270669399386,-0.09631326,0.9002826342749264,-0.45857725,0.062580906,0.49726397,-0.7338386,1599.6957,1599.6957,955.54553,717.8461, , 
67389.416428541,644,-0.684552805030813,-0.09601248,0.9013151131050707,-0.45707533,0.061855756,0.49920502,-0.73351914,1599.6957,1599.6957,955.5427,717.84467, , 
67389.433097791,645,-0.6976066826949348,-0.09569563,0.9014508619073757,-0.4553893,0.061101265,0.50137514,-0.7331509,1599.6957,1599.6957,955.5384,717.8423, , 
67389.449767041,646,-0.6970361883120854,-0.09608877,0.9101939185395446,-0.45362058,0.06016541,0.50361115,-0.7327921,1599.6957,1599.6957,955.53516,717.8406, , 
67389.4831055,647,-0.7014113609516146,-0.09612586,0.9295837592089015,-0.4497109,0.057625458,0.5081825,-0.7322499,1599.6957,1599.6957,955.5289,717.83765, , 
67389.49977475,648,-0.7027175283063566,-0.096015826,0.9377708739641578,-0.44795603,0.055885058,0.51036483,-0.7319426,1599.6957,1599.6957,955.52606,717.8355, , 
67389.516444041,649,-0.7054912813007164,-0.09590107,0.938900421613664,-0.44630915,0.05394476,0.5124906,-0.7316088,1599.6957,1599.6957,955.5245,717.8337, , 
67389.549782458,650,-0.7136675443145672,-0.09512641,0.9593022304813962,-0.44312245,0.05029995,0.51674205,-0.73081464,1599.6957,1599.6957,955.5206,717.82886, , 
67389.566451708,651,-0.7185054500172313,-0.09499298,0.9576142631666359,-0.4415631,0.048732683,0.51898915,-0.7302722,1600.1476,1600.1476,955.5187,717.8265, , 
67389.583120958,652,-0.7256017193591684,-0.09493508,0.9705356584465566,-0.44007608,0.04720146,0.5211984,-0.7296967,1600.1476,1600.1476,955.51654,717.8239, , 
67389.616459333,653,-0.7296618170588283,-0.09504362,0.9844255976582214,-0.43720946,0.043787032,0.525248,-0.7287284,1600.1476,1600.1476,955.5128,717.8186, , 
67389.633128666,654,-0.7389001183374122,-0.09550291,0.9948155159726453,-0.43590355,0.04165425,0.52691776,-0.72843033,1599.6957,1599.6957,955.51227,717.8169, , 
67389.649797916,655,-0.7395686257567792,-0.0958124,0.9951651603996364,-0.4347933,0.03913187,0.52840936,-0.7281531,1600.1476,1600.1476,955.5127,717.815, , 
67389.683136458,656,-0.7594617728949548,-0.09612285,1.0189800407871727,-0.43364152,0.03331167,0.5310697,-0.7271935,1599.6957,1599.6957,955.516,717.81104, , 
67389.699805583,657,-0.76050490497857,-0.096123256,1.024544046312319,-0.43359667,0.030277412,0.53222126,-0.72651064,1599.6957,1599.6957,955.51935,717.80756, , 
67389.716474875,658,-0.7642425159963085,-0.09600487,1.0297935613721034,-0.4337272,0.027497804,0.53329074,-0.7257586,1599.6957,1599.6957,955.52203,717.80475, , 
67389.749813458,659,-0.7733838454663416,-0.09606755,1.0474496953336483,-0.43347028,0.023057714,0.535214,-0.72465014,1599.6957,1599.6957,955.5259,717.7999, , 
67389.766482541,660,-0.7857197467372945,-0.095877595,1.0560936065320337,-0.4328754,0.021027075,0.53587997,-0.72457534,1599.6957,1599.6957,955.5277,717.79895, , 
67389.783151833,661,-0.7812746211590599,-0.09571476,1.065540399496191,-0.43205234,0.018662196,0.53624964,-0.7248578,1599.6957,1599.6957,955.5296,717.7995, , 
67389.799821041,662,-0.7859299079235597,-0.0955749,1.0701202385821698,-0.4311184,0.015765807,0.53640723,-0.7253658,1599.6957,1599.6957,955.5322,717.8011, , 
67389.833159625,663,-0.7964955236420562,-0.09486535,1.0860277696525449,-0.42908767,0.010333316,0.5371002,-0.72615445,1599.6957,1599.6957,955.53864,717.8047, , 
67389.849828791,664,-0.8048638500701243,-0.09429066,1.0964663025029053,-0.42783648,0.008696663,0.53819245,-0.7261055,1599.6957,1599.6957,955.5391,717.80475, , 
67389.866498,665,-0.8030617295645205,-0.093612686,1.103361035272278,-0.42640173,0.007826473,0.53976786,-0.7257899,1599.6957,1599.6957,955.5369,717.8033, , 
67389.883167291,666,-0.8130475945988183,-0.09292175,1.1120444610447824,-0.42485762,0.0073544784,0.5414921,-0.7254158,1599.6957,1599.6957,955.5341,717.8017, , 
67389.916505666,667,-0.8167278175177309,-0.091846064,1.1271678986213145,-0.42184982,0.006006725,0.544121,-0.7252164,1599.6957,1599.6957,955.5295,717.8, , 
67389.933174958,668,-0.8236327538040118,-0.09182675,1.1249855189191904,-0.42045355,0.0048463442,0.5447623,-0.72555447,1599.6957,1599.6957,955.52844,717.80084, , 
67389.94984425,669,-0.8276819209593143,-0.09163385,1.1367593596027135,-0.41907874,0.0037083498,0.54528844,-0.7259612,1599.6957,1599.6957,955.5282,717.8021, , 
67389.983182791,670,-0.8364672480951739,-0.091108665,1.1507688610710949,-0.41563633,0.00127588,0.5467481,-0.7268503,1599.6957,1599.6957,955.5263,717.8055, , 
67389.999851916,671,-0.8402740551108644,-0.090869635,1.1566912783770167,-0.41374418,-0.00040266218,0.5475978,-0.72729087,1599.6957,1599.6957,955.52576,717.807, , 
67390.016521208,672,-0.8411499031413541,-0.09068448,1.1598147312359222,-0.4120146,-0.0026053025,0.5483351,-0.72771275,1599.6957,1599.6957,955.5259,717.8085, , 
67390.033190375,673,-0.8446985554893843,-0.09103669,1.1724348280767154,-0.41040388,-0.0053899484,0.5489548,-0.7281401,1599.6957,1599.6957,955.52747,717.81067, , 
67390.066528833,674,-0.8538094005022193,-0.0911136,1.188860006842399,-0.40735433,-0.011593652,0.55010295,-0.7289135,1599.6957,1599.6957,955.5317,717.814, , 
67390.083198083,675,-0.8599667853623886,-0.09109347,1.189640325295673,-0.40606126,-0.014459824,0.5507159,-0.7291208,1599.6957,1599.6957,955.5345,717.8156, , 
67390.099867416,676,-0.865330487900288,-0.091075234,1.1941205552476712,-0.4048869,-0.016909717,0.5513899,-0.7292117,1599.6957,1599.6957,955.53595,717.8163, , 
67390.133205958,677,-0.8756998434001746,-0.09121597,1.2115308253582748,-0.4019776,-0.020860946,0.55305785,-0.7294559,1599.6957,1599.6957,955.5371,717.81744, , 
67390.149875041,678,-0.876786425602872,-0.091382384,1.2155397200834916,-0.40023488,-0.02275676,0.5539432,-0.7296856,1599.6957,1599.6957,955.537,717.81836, , 
67390.166544333,679,-0.8885410878758191,-0.09161172,1.2221017578928763,-0.3983671,-0.024748228,0.5548187,-0.72997767,1599.6957,1599.6957,955.5369,717.8195, , 
67390.183213583,680,-0.8944113264687205,-0.09187072,1.2286725906572618,-0.39647704,-0.026709782,0.55573994,-0.7302367,1599.6957,1599.6957,955.5367,717.821, , 
67390.216552,681,-0.903337010646548,-0.092328236,1.2391806812574462,-0.39248598,-0.030397484,0.55810755,-0.7304428,1599.6957,1599.6957,955.53516,717.8224, , 
67390.233221291,682,-0.9143037243666702,-0.09251431,1.246401494444458,-0.390356,-0.03207616,0.5595903,-0.73037803,1599.6957,1599.6957,955.5339,717.82227, , 
67390.249890541,683,-0.9158114947686967,-0.092633985,1.2504548511124862,-0.38821265,-0.03364335,0.5612134,-0.73020446,1599.6957,1599.6957,955.5317,717.8217, , 
67390.283229125,684,-0.9270367939101424,-0.09268528,1.2595068361699635,-0.38373408,-0.036751065,0.56492484,-0.7295598,1599.6957,1599.6957,955.52734,717.81976, , 
67390.299898166,685,-0.9359124882842631,-0.09264884,1.2750605503620636,-0.38152224,-0.03833298,0.56695396,-0.72906417,1599.6957,1599.6957,955.52435,717.81775, , 
67390.316567458,686,-0.940548430418039,-0.092573054,1.2793279738745105,-0.37929347,-0.03994341,0.56911296,-0.72845817,1599.6957,1599.6957,955.52203,717.81573, , 
67390.333236666,687,-0.9431753879771047,-0.09275447,1.2847125885520272,-0.37672448,-0.041521918,0.57143015,-0.7278888,1599.6957,1599.6957,955.51935,717.8136, , 
67390.366575125,688,-0.9580007195790176,-0.092406616,1.3019611351664961,-0.37012312,-0.04387978,0.5767758,-0.7269202,1599.6957,1599.6957,955.5096,717.809, , 
67390.383244375,689,-0.9630751125627577,-0.09213102,1.304041903928877,-0.36598152,-0.0450852,0.57936776,-0.7268823,1599.6957,1599.6957,955.5042,717.8083, , 
67390.399913625,690,-0.9662316292672253,-0.09185536,1.3147425978260028,-0.36192062,-0.04689354,0.58152187,-0.7270809,1599.6957,1599.6957,955.49854,717.809, , 
67390.433252166,691,-0.9830506116367418,-0.09076014,1.328136104459666,-0.35625726,-0.05144497,0.58539313,-0.7264634,1599.6957,1599.6957,955.49457,717.8085, , 
67390.449921333,692,-0.9902294327530867,-0.08982969,1.3318462893449057,-0.35455337,-0.05317125,0.5876666,-0.72533625,1599.6957,1599.6957,955.4926,717.80414, , 
67390.466590625,693,-0.9922952243694845,-0.08865359,1.3357546610083708,-0.35297495,-0.053927194,0.59033793,-0.72387964,1599.6957,1599.6957,955.4898,717.7992, , 
67390.499929125,694,-1.0016295878336037,-0.08579838,1.3541838086746008,-0.34865966,-0.0538489,0.5963664,-0.72102976,1600.1476,1600.1476,955.4789,717.7865, , 
67390.51659825,695,-1.0140512241031578,-0.08430785,1.3601525717283083,-0.34567964,-0.054338876,0.5991194,-0.72014505,1600.1476,1600.1476,955.4741,717.78284, , 
67390.5332675,696,-1.0115577375740632,-0.082962714,1.3689672947093474,-0.3424602,-0.056180496,0.60112625,-0.7198694,1599.6957,1599.6957,955.4709,717.7815, , 
67390.54993675,697,-1.0203964919886848,-0.08174816,1.3684094231492865,-0.33933333,-0.059792023,0.6021013,-0.7202442,1599.6957,1599.6957,955.4704,717.78296, , 
67390.583275208,698,-1.0329630720538636,-0.07923253,1.3875378967487033,-0.33381432,-0.069283605,0.60269344,-0.7214766,1600.1476,1600.1476,955.4763,717.79175, , 
67390.599944458,699,-1.039984235659614,-0.07761176,1.3957029334726954,-0.3311135,-0.07317717,0.6036313,-0.72155267,1600.1476,1600.1476,955.4782,717.79407, , 
67390.616613708,700,-1.0432099165168969,-0.07572401,1.4027115026292607,-0.32822797,-0.07579522,0.6053294,-0.7211781,1600.1476,1600.1476,955.4776,717.7941, , 
67390.633282958,701,-1.0445795872399024,-0.07392082,1.4089036687929672,-0.3250383,-0.07730439,0.60763156,-0.7205262,1599.6957,1599.6957,955.4748,717.7925, , 
67390.666621333,702,-1.0553969817495814,-0.07036839,1.42179201585923,-0.31825003,-0.078886904,0.6120157,-0.7196739,1599.6957,1599.6957,955.465,717.7886, , 
67390.683290625,703,-1.059450781882604,-0.06897952,1.4199401392706619,-0.31471905,-0.079959065,0.61352646,-0.71982205,1599.6957,1599.6957,955.4614,717.78894, , 
67390.699959916,704,-1.0680165880619101,-0.06789419,1.4322243739450966,-0.31119224,-0.08150687,0.6145586,-0.72030115,1599.6957,1599.6957,955.4587,717.7906, , 
67390.733298458,705,-1.0714667043964,-0.06633006,1.4432693247203707,-0.3049634,-0.08574334,0.6157864,-0.7214239,1600.1476,1600.1476,955.4555,717.7969, , 
67390.749967583,706,-1.0772168275778435,-0.06582459,1.4468620961351213,-0.3025632,-0.088172525,0.6162192,-0.72177213,1600.1476,1600.1476,955.4554,717.7992, , 
67390.766636875,707,-1.086010777431127,-0.06547005,1.4582730153258079,-0.30051884,-0.090620525,0.6166758,-0.72193307,1600.1476,1600.1476,955.4559,717.8011, , 
67390.783306083,708,-1.098726478155259,-0.06522914,1.463171184123401,-0.29887718,-0.092905104,0.61716175,-0.721909,1600.1476,1600.1476,955.45667,717.8026, , 
67390.8166445,709,-1.1003794773187734,-0.06515551,1.4736624349323253,-0.29679394,-0.09663125,0.61787075,-0.7216727,1599.6957,1599.6957,955.4582,717.80365, , 
67390.83331375,710,-1.0972420917215935,-0.06523749,1.4802747389421393,-0.2963539,-0.09823816,0.61794263,-0.721575,1599.6957,1599.6957,955.45996,717.8043, , 
67390.849983,711,-1.110617602178925,-0.065597564,1.4922503096982291,-0.29630917,-0.099565655,0.61775184,-0.7215747,1599.6957,1599.6957,955.46155,717.80505, , 
67390.883321416,712,-1.123530777796092,-0.06687866,1.4965448275847968,-0.29699367,-0.10047684,0.6166035,-0.7221491,1599.6957,1599.6957,955.4647,717.80786, , 
67390.899990708,713,-1.120444495917438,-0.067769825,1.5102640225418942,-0.29732588,-0.1001588,0.6157195,-0.72281045,1599.6957,1599.6957,955.4654,717.80994, , 
67390.916659958,714,-1.1325530764414615,-0.06883103,1.513540402863112,-0.29743105,-0.0997278,0.61474144,-0.72365874,1599.6957,1599.6957,955.46576,717.81256, , 
67390.949998458,715,-1.1388491572966002,-0.07207624,1.530680476314787,-0.2969852,-0.09943266,0.6127803,-0.72554344,1599.6957,1599.6957,955.46655,717.82, , 
67390.966667625,716,-1.143196788933959,-0.07366541,1.5429410419479306,-0.29665235,-0.09963049,0.6118098,-0.7264708,1599.6957,1599.6957,955.46716,717.8235, , 
67390.983336875,717,-1.1551485166824635,-0.07530752,1.5473504246558467,-0.29639015,-0.10011746,0.6109002,-0.7272759,1599.6957,1599.6957,955.4681,717.8268, , 
67391.016675416,718,-1.1609202147723596,-0.07856414,1.5589977489859324,-0.2968097,-0.10126692,0.6094609,-0.7281527,1599.6957,1599.6957,955.4713,717.832, , 
67391.033344458,719,-1.1622896111111487,-0.08021078,1.5715332207473074,-0.2974861,-0.10154784,0.6089495,-0.7282654,1599.6957,1599.6957,955.47296,717.83295, , 
67391.066683083,720,-1.1771735183100087,-0.08321166,1.588315313683382,-0.29821217,-0.10134987,0.6082562,-0.7285754,1599.6957,1599.6957,955.47473,717.8343, , 
67391.083352375,721,-1.1795007262861237,-0.0845797,1.5935942920451842,-0.29814944,-0.10114534,0.60805815,-0.7287948,1599.6957,1599.6957,955.47473,717.83484, , 
67391.100021625,722,-1.1867941960453867,-0.08582662,1.604240458584851,-0.29807296,-0.100797,0.60788727,-0.7290168,1599.6957,1599.6957,955.47424,717.8357, , 
67391.13336,723,-1.1930379578602066,-0.088528685,1.6146853731062114,-0.2980883,-0.098529644,0.60804254,-0.72919106,1599.6957,1599.6957,955.47205,717.8356, , 
67391.15002925,724,-1.195182624869273,-0.0891079,1.6236984277811914,-0.2982982,-0.09611867,0.6086826,-0.7288929,1599.6957,1599.6957,955.4681,717.833, , 
67391.1666985,725,-1.2084895852317903,-0.089255504,1.6292181188966728,-0.29912812,-0.09292663,0.60949796,-0.72828513,1599.6957,1599.6957,955.4645,717.82935, , 
67391.200036916,726,-1.2142098663653658,-0.088585354,1.6434488532300802,-0.303539,-0.08529773,0.6109013,-0.7262148,1600.1476,1600.1476,955.4587,717.8193, , 
67391.216706166,727,-1.2151237956984449,-0.08780956,1.6515299677499786,-0.30635622,-0.08011175,0.61235315,-0.7243973,1600.1476,1600.1476,955.45355,717.80884, , 
67391.250044666,728,-1.2232152384641621,-0.08520884,1.6631766336994076,-0.31050768,-0.071088664,0.6169322,-0.7196707,1599.6957,1599.6957,955.4438,717.78864, , 
67391.26671375,729,-1.226439438152943,-0.08354836,1.6727754643651274,-0.3121556,-0.06834655,0.6192545,-0.71722484,1599.6957,1599.6957,955.4393,717.77563, , 
67391.300052333,730,-1.2301063991076278,-0.08010105,1.6947948839427909,-0.3151025,-0.06531178,0.6236301,-0.7124116,1599.6957,1599.6957,955.4357,717.7577, , 
67391.316721541,731,-1.2321785293061362,-0.07868164,1.697551748675486,-0.31697816,-0.0648654,0.62571144,-0.7097905,1599.6957,1599.6957,955.43555,717.74554, , 
67391.333390666,732,-1.23572323189654,-0.077444084,1.7020795084431495,-0.31963116,-0.06527208,0.62733144,-0.70712847,1599.6957,1599.6957,955.4376,717.73663, , 
67391.350060041,733,-1.235553585535087,-0.076138735,1.7152883609453276,-0.32234868,-0.06615212,0.62847304,-0.70479554,1599.6957,1599.6957,955.44086,717.72864, , 
67391.3833985,734,-1.2407994674807454,-0.074321344,1.7286647226428085,-0.3262056,-0.06756424,0.62920463,-0.70222956,1600.1476,1600.1476,955.44794,717.71747, , 
67391.400067708,735,-1.244919980218776,-0.073981434,1.727890709527033,-0.32652968,-0.06878778,0.6288888,-0.7022432,1600.1476,1600.1476,955.4501,717.7172, , 
67391.416736916,736,-1.249095830368732,-0.07389187,1.735341305512323,-0.32581565,-0.070914194,0.62857175,-0.70264703,1600.1476,1600.1476,955.4525,717.7198, , 
67391.433406208,737,-1.251571582092757,-0.073894635,1.7488479176032594,-0.32496825,-0.073638305,0.62825084,-0.70304614,1599.6957,1599.6957,955.45496,717.72235, , 
67391.46674475,738,-1.2674746837427564,-0.073730335,1.756470878871414,-0.32390898,-0.07867066,0.6278027,-0.7033901,1599.6957,1599.6957,955.4605,717.7261, , 
67391.483413791,739,-1.2677258305894483,-0.073517784,1.7626753181631716,-0.32305238,-0.08026358,0.62789804,-0.703519,1599.6957,1599.6957,955.4623,717.72766, , 
67391.500083083,740,-1.2707866392806304,-0.07327611,1.7662445498658503,-0.32181922,-0.081378415,0.6281011,-0.7037748,1599.6957,1599.6957,955.4624,717.7289, , 
67391.516752375,741,-1.2735928859473304,-0.07315041,1.770076072252885,-0.32037762,-0.08207911,0.6282468,-0.704221,1599.6957,1599.6957,955.4617,717.73047, , 
67391.550090916,742,-1.2878894301533332,-0.07282154,1.7876201387960051,-0.31758305,-0.08244683,0.6283356,-0.70536363,1599.6957,1599.6957,955.45886,717.73505, , 
67391.56676,743,-1.2814748338075501,-0.07241517,1.78687493430637,-0.3158746,-0.082250215,0.62881666,-0.70572495,1599.6957,1599.6957,955.4568,717.7362, , 
67391.583429291,744,-1.2939305293057577,-0.071920305,1.7960419387813218,-0.3138984,-0.081759,0.62955374,-0.7060066,1600.1476,1600.1476,955.4528,717.73694, , 
67391.616767791,745,-1.2992041047974858,-0.07102545,1.8100747786457336,-0.3089393,-0.080690734,0.63118124,-0.70686334,1600.1476,1600.1476,955.44543,717.7385, , 
67391.633436875,746,-1.3025648810636314,-0.070784986,1.811882423895538,-0.30625793,-0.08056929,0.63195354,-0.70735383,1600.1476,1600.1476,955.44073,717.7405, , 
67391.650106166,747,-1.3061273880114985,-0.070364565,1.815015784172202,-0.3040539,-0.080493286,0.6328437,-0.70751745,1599.6957,1599.6957,955.43774,717.74115, , 
67391.683444708,748,-1.3201734772879088,-0.06901179,1.8283173236221655,-0.30097902,-0.08037118,0.6356906,-0.70629275,1599.6957,1599.6957,955.43225,717.73645, , 
67391.700114,749,-1.3239302298015179,-0.06816714,1.833481327585365,-0.29964668,-0.080145985,0.63756764,-0.7051921,1599.6957,1599.6957,955.42993,717.7325, , 
67391.733452375,750,-1.3300664006130993,-0.0669886,1.8433670570508198,-0.29655024,-0.07941214,0.64131445,-0.7031837,1600.1476,1600.1476,955.42365,717.72345, , 
67391.750121583,751,-1.3341026226526982,-0.06654425,1.851357417557456,-0.29484823,-0.07909787,0.64290506,-0.70248216,1600.1476,1600.1476,955.421,717.72064, , 
67391.766790833,752,-1.3380538004578033,-0.06623904,1.8525013702989699,-0.29266658,-0.07908061,0.64431936,-0.7021005,1600.1476,1600.1476,955.41833,717.7187, , 
67391.800129208,753,-1.3515176788502261,-0.06611848,1.862455878320563,-0.28635952,-0.081382826,0.6465093,-0.702425,1599.6957,1599.6957,955.4126,717.71967, , 
67391.8167985,754,-1.358950448735298,-0.06634261,1.8729483002291862,-0.28281352,-0.08297693,0.64736575,-0.70288604,1599.6957,1599.6957,955.4105,717.7217, , 
67391.850137041,755,-1.371551582826985,-0.06669236,1.8825726232815863,-0.27563995,-0.08578221,0.6495573,-0.70337707,1600.1476,1600.1476,955.40485,717.7248, , 
67391.866806125,756,-1.367408585756429,-0.066750534,1.8921249414718937,-0.27272108,-0.087377734,0.6508512,-0.7031224,1600.1476,1600.1476,955.40295,717.7247, , 
67391.883475375,757,-1.3817427153504869,-0.06676416,1.8998612548565603,-0.27049953,-0.0891041,0.65224344,-0.7024734,1600.1476,1600.1476,955.40204,717.7236, , 
67391.916813958,758,-1.3852422708110592,-0.06654223,1.9134156350699758,-0.26804844,-0.09192659,0.6552167,-0.7002789,1600.1476,1600.1476,955.4015,717.7169, , 
67391.933483083,759,-1.3913613024833282,-0.066314936,1.9251088958198856,-0.26740733,-0.09330095,0.6567031,-0.6989487,1600.1476,1600.1476,955.4017,717.71313, , 
67391.950152291,760,-1.394894937890179,-0.06624314,1.9232403190459604,-0.267018,-0.0951871,0.657946,-0.69767314,1600.1476,1600.1476,955.4027,717.7095, , 
67391.983490875,761,-1.4045208623935745,-0.06641351,1.9383066256810606,-0.2659424,-0.10120979,0.6592364,-0.69601625,1599.6957,1599.6957,955.40796,717.70544, , 
67392.000159958,762,-1.4082325931651352,-0.0663907,1.9449456610354354,-0.26524693,-0.10422942,0.6596895,-0.6954064,1599.6957,1599.6957,955.4105,717.70514, , 
67392.016829166,763,-1.4173649027018451,-0.06623684,1.9497935728291018,-0.26467383,-0.10647469,0.66033554,-0.6946711,1599.6957,1599.6957,955.4131,717.704, , 
67392.050167708,764,-1.4248625149996674,-0.06558547,1.970855865269546,-0.2634834,-0.10887389,0.6617802,-0.69337577,1600.1476,1600.1476,955.41473,717.70074, , 
67392.066837,765,-1.4358826547993462,-0.06529255,1.967744292754399,-0.26233593,-0.10938987,0.6621656,-0.6933616,1599.6957,1599.6957,955.414,717.7005, , 
67392.083506125,766,-1.43365200362511,-0.06508228,1.9747416145701362,-0.26083827,-0.10963325,0.6623899,-0.6936739,1599.6957,1599.6957,955.4127,717.7014, , 
67392.116844625,767,-1.4435328696140488,-0.06491624,1.9861350726141092,-0.25770953,-0.11089613,0.6624925,-0.6945441,1599.6957,1599.6957,955.41016,717.7052, , 
67392.133513916,768,-1.4451482983777197,-0.06573395,2.0013548208897154,-0.2562122,-0.11259804,0.66233534,-0.69497395,1599.6957,1599.6957,955.41016,717.70746, , 
67392.150183166,769,-1.4442979186914655,-0.06607734,1.999733790144547,-0.2547059,-0.11477175,0.662116,-0.695381,1599.6957,1599.6957,955.41077,717.71, , 
67392.1835215,770,-1.4533218647914106,-0.06623948,2.0116769421386946,-0.2520769,-0.11939391,0.6619701,-0.6956996,1599.6957,1599.6957,955.4132,717.71497, , 
67392.200190833,771,-1.4527486399838807,-0.06615044,2.024457188555115,-0.25104147,-0.121142365,0.6621779,-0.6955739,1600.1476,1600.1476,955.4141,717.7159, , 
67392.216860083,772,-1.4586934986106537,-0.06629434,2.025198740928057,-0.2501009,-0.122312054,0.66246676,-0.695433,1600.1476,1600.1476,955.4146,717.7161, , 
67392.250198375,773,-1.4607678263605135,-0.06676824,2.0340899950092095,-0.24795802,-0.12354622,0.66259515,-0.69585973,1600.1476,1600.1476,955.4139,717.71783, , 
67392.266867666,774,-1.4651464895359305,-0.06705076,2.0509614857163756,-0.24652535,-0.123974726,0.66230863,-0.6965651,1599.6957,1599.6957,955.41296,717.72, , 
67392.283537,775,-1.4734435457593706,-0.067431234,2.057585095074532,-0.24498548,-0.12448188,0.66184455,-0.6974584,1599.6957,1599.6957,955.41156,717.7241, , 
67392.316875333,776,-1.4714716036522066,-0.06838696,2.0654351941869162,-0.24185084,-0.12576292,0.6606829,-0.69942117,1599.6957,1599.6957,955.40985,717.7313, , 
67392.333544625,777,-1.4717850533503227,-0.06900295,2.07332433882639,-0.24011561,-0.12608914,0.66014296,-0.7004694,1599.6957,1599.6957,955.40845,717.73615, , 
67392.350213875,778,-1.4719702043657408,-0.06950244,2.0845398053636055,-0.23815285,-0.1261154,0.6597388,-0.7015146,1599.6957,1599.6957,955.4067,717.7396, , 
67392.383552208,779,-1.4749808715575772,-0.07035669,2.0971833646097853,-0.23417856,-0.12563659,0.65924037,-0.7034046,1600.1476,1600.1476,955.40155,717.7465, , 
67392.400221458,780,-1.4765176188955953,-0.07077438,2.103464641787279,-0.23248914,-0.12540802,0.6590217,-0.7042102,1600.1476,1600.1476,955.3997,717.7491, , 
67392.416890666,781,-1.4743390866526238,-0.07114619,2.1124872821659575,-0.23117724,-0.1249551,0.65889245,-0.7048432,1600.1476,1600.1476,955.39795,717.75116, , 
67392.450229125,782,-1.4787770508471798,-0.07104114,2.1384800337894245,-0.2296294,-0.122617334,0.659155,-0.70551395,1600.1476,1600.1476,955.3937,717.7523, , 
67392.466898375,783,-1.4827725214220522,-0.071001634,2.144516346402649,-0.2292472,-0.121096276,0.65932757,-0.70573974,1600.1476,1600.1476,955.3916,717.75183, , 
67392.483567583,784,-1.479827571833158,-0.07095627,2.1462423226784546,-0.22908661,-0.119878,0.65916455,-0.706152,1600.1476,1600.1476,955.3897,717.75244, , 
67392.516906166,785,-1.490100369326269,-0.070644215,2.165463199967248,-0.23014456,-0.11760915,0.6583192,-0.70697767,1599.6957,1599.6957,955.38855,717.75397, , 
67392.533575291,786,-1.4864973169272955,-0.07075564,2.174577668889966,-0.2314276,-0.11670254,0.6577964,-0.70719564,1599.6957,1599.6957,955.3888,717.7543, , 
67392.5502445,787,-1.4871774284169452,-0.070527114,2.1814004898191883,-0.23295338,-0.11630469,0.65719485,-0.70731944,1600.1476,1600.1476,955.3901,717.75464, , 
67392.583583,788,-1.484534385593851,-0.06973264,2.1983571768813572,-0.23562174,-0.116659366,0.65613717,-0.70735914,1600.1476,1600.1476,955.3933,717.75525, , 
67392.600252125,789,-1.4906755019524571,-0.069239415,2.2115672700243243,-0.23665933,-0.11693478,0.6559378,-0.7071522,1600.1476,1600.1476,955.3951,717.75494, , 
67392.633590708,790,-1.4944690181531002,-0.06856322,2.218409998211133,-0.23851947,-0.116915174,0.6557968,-0.706661,1600.1476,1600.1476,955.39716,717.7534, , 
67392.650259958,791,-1.489850535081027,-0.06819877,2.22477815585031,-0.23914815,-0.11638653,0.65592587,-0.7064161,1600.1476,1600.1476,955.3975,717.75195, , 
67392.666929208,792,-1.4856038134597824,-0.06784106,2.2336732227681564,-0.23970117,-0.11558185,0.65609324,-0.70620525,1600.1476,1600.1476,955.39716,717.7507, , 
67392.700267583,793,-1.4922805331218751,-0.067578696,2.2450586379010624,-0.24027589,-0.114880584,0.65586054,-0.70634055,1600.1476,1600.1476,955.3968,717.7499, , 
67392.716936833,794,-1.4927129701674602,-0.06776861,2.2525051262843525,-0.2400478,-0.115504205,0.65516526,-0.70696133,1600.1476,1600.1476,955.3975,717.75244, , 
67392.733606125,795,-1.4934669257592714,-0.06880558,2.258808310057124,-0.23943658,-0.11657024,0.6542265,-0.70786244,1600.1476,1600.1476,955.3983,717.7559, , 
67392.7669445,796,-1.4938393101262812,-0.070058174,2.270032911764683,-0.23734036,-0.11915288,0.65280634,-0.7094476,1600.1476,1600.1476,955.3997,717.76434, , 
67392.78361375,797,-1.4906292676052266,-0.070296556,2.2832846315194772,-0.23653454,-0.1202936,0.6525683,-0.7097432,1600.1476,1600.1476,955.4001,717.7663, , 
67392.81695225,798,-1.489640003331182,-0.07066944,2.2906077675741963,-0.23625246,-0.12296528,0.6524515,-0.70948654,1600.1476,1600.1476,955.40265,717.76776, , 
67392.833621333,799,-1.494108934068083,-0.0709266,2.3026122527520525,-0.2362394,-0.124849774,0.65268666,-0.7089454,1600.1476,1600.1476,955.4045,717.76733, , 
67392.850290625,800,-1.4958840489131655,-0.071133465,2.30221439401214,-0.23611231,-0.12686507,0.6531805,-0.7081748,1599.6957,1599.6957,955.4064,717.7663, , 
67392.883629166,801,-1.4904841010623309,-0.07149853,2.3154159020342324,-0.23542322,-0.13070773,0.65459496,-0.7063971,1599.6957,1599.6957,955.4097,717.7624, , 
67392.900298208,802,-1.496099719352023,-0.07177103,2.325881375729036,-0.23454835,-0.13287161,0.65537196,-0.7055634,1599.6957,1599.6957,955.4109,717.7609, , 
67392.9169675,803,-1.4963494532736117,-0.0719298,2.3302242837566363,-0.23298338,-0.13536413,0.6561828,-0.7048542,1599.6957,1599.6957,955.4122,717.7597, , 
67392.950306,804,-1.4985230434763395,-0.07267284,2.346088825560567,-0.22831197,-0.14097704,0.6574226,-0.7041269,1599.6957,1599.6957,955.4131,717.7607, , 
67392.96697525,805,-1.4993233590158952,-0.073359534,2.3526614076286774,-0.22570945,-0.14428289,0.65776503,-0.7039764,1599.6957,1599.6957,955.4139,717.76294, , 
67393.000313625,806,-1.4997971846834148,-0.07492453,2.372518239153616,-0.22045065,-0.1518402,0.6583917,-0.7034674,1600.1476,1600.1476,955.41644,717.767, , 
67393.016982916,807,-1.502395626245767,-0.07564716,2.363771215313473,-0.21756242,-0.15541783,0.6590623,-0.7029571,1600.1476,1600.1476,955.4173,717.7683, , 
67393.033652125,808,-1.5008240414331704,-0.07658696,2.3764723870562316,-0.21458595,-0.1587102,0.65990984,-0.7023411,1600.1476,1600.1476,955.4176,717.769, , 
67393.0669905,809,-1.503519096064463,-0.0780502,2.394210935101684,-0.2085461,-0.16515218,0.66171265,-0.7009777,1600.1476,1600.1476,955.4177,717.76953, , 
67393.083659791,810,-1.5029609955369598,-0.0786592,2.4011350681170587,-0.20549273,-0.16839683,0.66275245,-0.70012456,1600.1476,1600.1476,955.4177,717.7693, , 
67393.100329041,811,-1.5065109334295375,-0.07916522,2.408992930527795,-0.20238842,-0.17149484,0.66395277,-0.6991389,1600.1476,1600.1476,955.4176,717.7686, , 
67393.133667416,812,-1.5068658909498163,-0.07945462,2.430889126452011,-0.19522355,-0.17623964,0.66704637,-0.6970484,1599.6957,1599.6957,955.4145,717.76495, , 
67393.150336625,813,-1.5060433959682555,-0.07941885,2.422526435897226,-0.19085576,-0.17795043,0.6687501,-0.69619036,1599.6957,1599.6957,955.41144,717.7631, , 
67393.167005916,814,-1.5072748780992484,-0.079376884,2.4381478761283053,-0.18626681,-0.17993157,0.6702265,-0.69550383,1599.6957,1599.6957,955.4083,717.762, , 
67393.20034425,815,-1.5091694248756553,-0.07923031,2.4482739627498056,-0.1781419,-0.1849589,0.67251647,-0.6941017,1600.1476,1600.1476,955.4037,717.76117, , 
67393.217013541,816,-1.5070091501905742,-0.07947423,2.45482796088081,-0.17481856,-0.18758056,0.6735224,-0.6932674,1600.1476,1600.1476,955.4027,717.76074, , 
67393.233682791,817,-1.5149054659721672,-0.0797985,2.4638422241007083,-0.17193832,-0.190413,0.6743935,-0.69236803,1600.1476,1600.1476,955.4023,717.76, , 
67393.267021333,818,-1.5206974573328707,-0.07996146,2.4727305515403377,-0.1668832,-0.19770706,0.67518115,-0.6907911,1600.1476,1600.1476,955.40424,717.76135, , 
67393.283690416,819,-1.5144419080158045,-0.07994229,2.481604674673515,-0.16440608,-0.2018103,0.67529976,-0.69008225,1599.6957,1599.6957,955.40656,717.7636, , 
67393.300359666,820,-1.5190831596011305,-0.07982073,2.4891664614100475,-0.16196507,-0.20561622,0.6754246,-0.6894134,1599.6957,1599.6957,955.4081,717.7653, , 
67393.333698208,821,-1.5166881865527604,-0.07943392,2.4996607047971637,-0.15659054,-0.21194379,0.67611676,-0.688059,1599.6957,1599.6957,955.4096,717.7676, , 
67393.350367291,822,-1.5222079042299597,-0.079060405,2.495283188437046,-0.15365519,-0.21450627,0.67668104,-0.68737173,1599.6957,1599.6957,955.40924,717.7682, , 
67393.3670365,823,-1.5266165882769367,-0.07869291,2.503969465490817,-0.15063271,-0.21696311,0.6772647,-0.6866945,1599.6957,1599.6957,955.4087,717.7684, , 
67393.383705791,824,-1.5175450802221082,-0.0784028,2.506782514699418,-0.14761634,-0.21951829,0.6778028,-0.6860062,1599.6957,1599.6957,955.4081,717.76874, , 
67393.417044166,825,-1.5242411766696706,-0.07798354,2.5177514639631466,-0.14160407,-0.22511616,0.67916894,-0.68410563,1599.6957,1599.6957,955.40753,717.7687, , 
67393.433713375,826,-1.5263928101962567,-0.07828547,2.524004365796115,-0.13844788,-0.22794817,0.68018985,-0.68279827,1599.6957,1599.6957,955.40717,717.76776, , 
67393.450382625,827,-1.5270169116570211,-0.07830633,2.5352084434725652,-0.1352885,-0.2305876,0.68135774,-0.68137944,1600.1476,1600.1476,955.40656,717.7661, , 
67393.467051958,828,-1.5226904900753626,-0.07829831,2.53080485502408,0.1322865,0.23317663,-0.68254256,0.6799003,1600.1476,1600.1476,955.4059,717.76355, , 
67393.500390291,829,-1.5251112782884375,-0.07858686,2.539903016548205,0.12730351,0.23948237,-0.6842785,0.6769083,1599.6957,1599.6957,955.4067,717.76056, , 
67393.5170595,830,-1.5210037638695082,-0.07887596,2.544338617936065,0.12561108,0.24324422,-0.68475866,0.6753958,1599.6957,1599.6957,955.40924,717.7599, , 
67393.533728791,831,-1.517824029684615,-0.07934826,2.5543165012595526,0.1244996,0.24721532,-0.68510234,0.67380947,1599.6957,1599.6957,955.4123,717.7597, , 
67393.550398041,832,-1.5242746256235773,-0.07959787,2.5520703001946474,0.12375227,0.2510351,-0.6854844,0.6721443,1600.1476,1600.1476,955.41565,717.75934, , 
67393.583736458,833,-1.5180965078563333,-0.07958836,2.5623794085452003,0.1228446,0.25771457,-0.6865612,0.6686748,1600.1476,1600.1476,955.4235,717.7567, , 
67393.600405666,834,-1.5138121276067469,-0.07943925,2.566814452053404,0.1223421,0.2608582,-0.6871143,0.6669778,1600.1476,1600.1476,955.4267,717.7554, , 
67393.617074958,835,-1.5084030173960048,-0.07926118,2.569217710539892,0.121859476,0.2639583,-0.6875711,0.66537374,1599.6957,1599.6957,955.43097,717.7539, , 
67393.633744166,836,-1.5089109989282325,-0.07935381,2.565408894636133,0.12141217,0.26690078,-0.687915,0.66392463,1599.6957,1599.6957,955.434,717.7532, , 
67393.6670825,837,-1.509299766796991,-0.0789199,2.5740431987335364,0.11976126,0.27235594,-0.6883484,0.6615557,1599.6957,1599.6957,955.4398,717.7528, , 
67393.683751791,838,-1.5015407524301447,-0.07850839,2.5830060201352225,0.11821451,0.27491507,-0.6884739,0.66064423,1599.6957,1599.6957,955.44135,717.7534, , 
67393.700421083,839,-1.5048878489763498,-0.077973716,2.578052454215245,0.11609789,0.2771355,-0.68871605,0.6598388,1599.6957,1599.6957,955.4419,717.75385, , 
67393.717090125,840,-1.5020947203767132,-0.07736932,2.5852791164049074,0.113435104,0.27896735,-0.6890509,0.6591801,1599.6957,1599.6957,955.441,717.75415, , 
67393.733759416,841,-1.4983798091870417,-0.077189825,2.5848029926356415,0.110212885,0.28073424,-0.6892051,0.6588153,1599.6957,1599.6957,955.43945,717.755, , 
67393.767097916,842,-1.4980254457959954,-0.07658236,2.5964772457590675,0.103348985,0.28500077,-0.68856436,0.65876603,1599.6957,1599.6957,955.4362,717.7599, , 
67393.783767208,843,-1.482934360481003,-0.07623859,2.5978102082761767,0.10052015,0.28658256,-0.6881854,0.65891343,1599.6957,1599.6957,955.4344,717.7636, , 
67393.800436291,844,-1.485759469809187,-0.07580522,2.5958757909804286,0.09801781,0.28790906,-0.6880467,0.6588571,1599.6957,1599.6957,955.433,717.7654, , 
67393.817105541,845,-1.4855830409826454,-0.075254634,2.602761944063356,0.09535992,0.28934819,-0.6882312,0.65842384,1599.6957,1599.6957,955.4317,717.76624, , 
67393.850444,846,-1.4811947064234483,-0.0731256,2.606413591638699,0.09031595,0.29161954,-0.68952405,0.6567782,1600.1476,1600.1476,955.42834,717.7647, , 
67393.867113166,847,-1.479327144143898,-0.07226686,2.6107354056291747,0.0882805,0.29182866,-0.69052094,0.6559142,1600.1476,1600.1476,955.4266,717.7624, , 
67393.883782416,848,-1.4709656869476921,-0.07137235,2.6189669670243716,0.086456545,0.29139122,-0.691888,0.65491015,1600.1476,1600.1476,955.4235,717.75757, , 
67393.900451625,849,-1.4661076031954503,-0.070477836,2.61865316311896,0.08498508,0.29073763,-0.69355726,0.6536264,1600.1476,1600.1476,955.4212,717.7526, , 
67393.917120958,850,-1.4654335998895907,-0.069650955,2.6217223108972676,0.084026866,0.29025126,-0.6953238,0.6520877,1600.1476,1600.1476,955.41974,717.747, , 
67393.950459333,851,-1.4562251206934063,-0.06931536,2.634157520376246,0.08292061,0.29050976,-0.6983263,0.64889795,1600.1476,1600.1476,955.419,717.73517, , 
67393.967128541,852,-1.4499769083173437,-0.0689066,2.6338608782016704,0.08212305,0.29177967,-0.6993013,0.6473778,1600.1476,1600.1476,955.41974,717.7318, , 
67393.98379775,853,-1.4478165950239341,-0.068557106,2.642015866982622,0.08080549,0.29416165,-0.69988793,0.64582986,1600.1476,1600.1476,955.4216,717.72943, , 
67394.000467041,854,-1.4491489107049143,-0.068280965,2.6438621780713785,0.07890017,0.29740727,-0.7001216,0.644324,1600.1476,1600.1476,955.42346,717.7294, , 
67394.017136125,855,-1.4375756841897371,-0.068009295,2.6480673075433474,0.076664045,0.30045906,-0.70025057,0.6430366,1600.1476,1600.1476,955.4248,717.72986, , 
67394.050474666,856,-1.4304551898249322,-0.06711617,2.6545998914387243,0.07237988,0.30385467,-0.70079577,0.6413413,1600.1476,1600.1476,955.4247,717.72986, , 
67394.067143916,857,-1.425295933080888,-0.06677355,2.6568779668178486,0.070500195,0.3042574,-0.70127404,0.6408369,1600.1476,1600.1476,955.42346,717.729, , 
67394.083813166,858,-1.426217965105533,-0.06642812,2.659740159097082,0.06868242,0.30384707,-0.70203495,0.64039564,1600.1476,1600.1476,955.42145,717.72723, , 
67394.10048225,859,-1.426989209162803,-0.06606947,2.66340662321836,0.06702754,0.30275553,-0.7030337,0.6399922,1600.1476,1600.1476,955.41785,717.7234, , 
67394.117151541,860,-1.421277197005371,-0.06576897,2.671347001734207,0.065742776,0.30159307,-0.70392436,0.6396952,1600.1476,1600.1476,955.4153,717.72034, , 
67394.13382075,861,-1.4134353669962885,-0.06695587,2.676031531301705,0.06474313,0.30140758,-0.7042623,0.63951266,1599.6957,1599.6957,955.4136,717.7186, , 
67394.167159083,862,-1.4023501291781173,-0.06770333,2.681606366693271,0.061068777,0.30511644,-0.70372295,0.63870853,1599.6957,1599.6957,955.4132,717.7212, , 
67394.183828416,863,-1.398578980452847,-0.06787803,2.692802078991001,0.05814031,0.308428,-0.7033545,0.63779646,1599.6957,1599.6957,955.4137,717.72327, , 
67394.200497625,864,-1.4017135954432345,-0.068034776,2.6919781008843677,0.055465758,0.31218302,-0.70306134,0.6365296,1600.1476,1600.1476,955.41504,717.7259, , 
67394.217166875,865,-1.403958818456494,-0.06823781,2.6977197317841983,0.053949792,0.31613863,-0.7028661,0.6349213,1600.1476,1600.1476,955.4177,717.7273, , 
67394.233836166,866,-1.3974050793520247,-0.06961851,2.70002050625144,0.05377957,0.31987122,-0.70286745,0.633062,1600.1476,1600.1476,955.4217,717.7281, , 
67394.25050525,867,-1.3919909193477025,-0.0702513,2.706619084486048,0.054394107,0.3230002,-0.7031101,0.63114846,1599.6957,1599.6957,955.42645,717.72784, , 
67394.283843708,868,-1.3862882929374625,-0.07088075,2.7208152463114694,0.056174543,0.3260918,-0.7038976,0.6285195,1599.6957,1599.6957,955.43506,717.725, , 
67394.300513041,869,-1.3846459390678956,-0.07111309,2.723685400780476,0.05657281,0.32635212,-0.70414495,0.6280714,1599.6957,1599.6957,955.43646,717.7239, , 
67394.317182083,870,-1.378264531252769,-0.07135453,2.724656551533593,0.05592395,0.32656616,-0.70415735,0.62800425,1599.6957,1599.6957,955.43646,717.7236, , 
67394.333851333,871,-1.3824249575572363,-0.07280207,2.735058901827234,0.053952932,0.3270762,-0.7039616,0.62813073,1599.6957,1599.6957,955.43494,717.7245, , 
67394.350520583,872,-1.3835168373473656,-0.0735148,2.735872910644747,0.051034845,0.32806593,-0.7036164,0.62824535,1599.6957,1599.6957,955.43286,717.726, , 
67394.367189875,873,-1.3768298287068061,-0.07403117,2.7414015692053733,0.047646325,0.32958615,-0.70322394,0.6281552,1599.6957,1599.6957,955.4297,717.7286, , 
67394.383859125,874,-1.37473727853395,-0.07448855,2.7497989308133692,0.04408154,0.3315274,-0.702945,0.62770593,1600.1476,1600.1476,955.42786,717.7304, , 
67394.417197458,875,-1.3581497818139576,-0.07522282,2.75956747700743,0.037047744,0.3360836,-0.7034973,0.62511337,1600.1476,1600.1476,955.4252,717.73035, , 
67394.433866708,876,-1.3619626350312424,-0.07598836,2.7633655179240733,0.03397766,0.33840638,-0.7044799,0.6229243,1600.1476,1600.1476,955.42505,717.72797, , 
67394.450536,877,-1.3621140252327195,-0.07637537,2.7673998401797415,0.031190215,0.34062177,-0.7058019,0.62036103,1600.1476,1600.1476,955.4254,717.7243, , 
67394.467205041,878,-1.3522979077682091,-0.07661002,2.780870773679042,0.028670778,0.34255362,-0.70744056,0.6175458,1600.1476,1600.1476,955.4261,717.7178, , 
67394.48387425,879,-1.3473319934395762,-0.076797575,2.7760835132708657,0.026404694,0.34429288,-0.7093097,0.61452824,1600.1476,1600.1476,955.42694,717.71185, , 
67394.500543583,880,-1.3462670304595195,-0.07698004,2.7879308670911573,0.024210166,0.34606484,-0.7112858,0.6113309,1599.6957,1599.6957,955.428,717.7055, , 
67394.517212833,881,-1.3417880608058799,-0.07717719,2.791229911133758,0.021761645,0.34809145,-0.71323436,0.60799295,1599.6957,1599.6957,955.4298,717.69696, , 
67394.550551166,882,-1.331092247021114,-0.078547314,2.808373508804952,0.015278473,0.35241094,-0.7166161,0.60169303,1599.6957,1599.6957,955.43146,717.6858, , 
67394.567220458,883,-1.328598879349625,-0.0789493,2.8196870282898696,0.011290611,0.35424516,-0.71784604,0.59923273,1599.6957,1599.6957,955.4311,717.6813, , 
67394.583889666,884,-1.3283628200419513,-0.079379365,2.8230323481436934,0.006810626,0.35576078,-0.7186426,0.5974452,1600.1476,1600.1476,955.4285,717.67706, , 
67394.600558958,885,-1.3207603807560173,-0.079846576,2.829844247811439,0.0020097368,0.35704225,-0.7190047,0.59627926,1600.1476,1600.1476,955.42554,717.6754, , 
67394.617228041,886,-1.3160953320227726,-0.08034223,2.8383529098794247,-0.002866287,0.35839352,-0.7190156,0.5954513,1600.1476,1600.1476,955.42206,717.6746, , 
67394.6505665,887,-1.3101902749750218,-0.08227073,2.8600928345779617,-0.012364379,0.3645122,-0.7179557,0.59288913,1600.1476,1600.1476,955.4175,717.6776, , 
67394.66723575,888,-1.3045337690969383,-0.08305803,2.866790044164882,-0.016754003,0.36935404,-0.7171621,0.5907415,1600.1476,1600.1476,955.4181,717.6802, , 
67394.683905083,889,-1.301361968438218,-0.083781235,2.871753336779107,-0.02060987,0.37401414,-0.7164818,0.58850867,1600.1476,1600.1476,955.4198,717.6832, , 
67394.700574125,890,-1.2999189132285043,-0.08437481,2.8772790485193664,-0.024048483,0.3777458,-0.7161197,0.5864319,1600.1476,1600.1476,955.421,717.6846, , 
67394.717243375,891,-1.2959065591069643,-0.08476965,2.8858440011676914,-0.027223943,0.38018277,-0.7162896,0.5845076,1600.1476,1600.1476,955.4213,717.6842, , 
67394.733912625,892,-1.2896545153754628,-0.08469862,2.8958785525654256,-0.030085495,0.38164988,-0.7169579,0.5825887,1600.1476,1600.1476,955.421,717.68115, , 
67394.767250958,893,-1.2859664715638537,-0.08479676,2.9096703103200707,-0.033985797,0.3845526,-0.718585,0.57844603,1600.1476,1600.1476,955.42224,717.6749, , 
67394.783920166,894,-1.2773098680280406,-0.08484361,2.9182837905451007,-0.035283744,0.38701734,-0.7190479,0.57614475,1600.1476,1600.1476,955.4252,717.6723, , 
67394.8005895,895,-1.2734952605935834,-0.08485299,2.9241348072558933,-0.03664257,0.39059857,-0.71901375,0.5736804,1600.1476,1600.1476,955.4285,717.6722, , 
67394.81725875,896,-1.2795060697941907,-0.08476917,2.93209093571452,-0.038718525,0.39522344,-0.71845865,0.57106614,1599.6957,1599.6957,955.4321,717.6737, , 
67394.833927833,897,-1.2699056957365236,-0.08450108,2.9414591962335597,-0.042092033,0.4004922,-0.7174758,0.5683862,1599.6957,1599.6957,955.4354,717.67645, , 
67394.86726625,898,-1.2641288722155073,-0.08350544,2.9625802619253845,-0.051525563,0.4109748,-0.7148833,0.5633708,1599.6957,1599.6957,955.4388,717.68463, , 
67394.883935625,899,-1.2599697975921886,-0.08283314,2.967038179610619,-0.056386624,0.41522717,-0.713658,0.561337,1599.6957,1599.6957,955.43866,717.68787, , 
67394.900604833,900,-1.2539838080589252,-0.08203162,2.9850635391354956,-0.06079873,0.41822073,-0.7128791,0.55964124,1599.6957,1599.6957,955.4374,717.6903, , 
67394.917273875,901,-1.2514445480832799,-0.08109603,2.9859934591059787,-0.064791165,0.41988552,-0.71262616,0.5582671,1599.6957,1599.6957,955.43567,717.69025, , 
67394.933943208,902,-1.2459709500997354,-0.08009602,2.9920740138757145,-0.068267934,0.42040575,-0.7128259,0.55720526,1599.6957,1599.6957,955.4332,717.6887, , 
67394.967281666,903,-1.2401470879633423,-0.078084335,3.0054511492146783,-0.07414523,0.42094442,-0.71333617,0.55539155,1600.1476,1600.1476,955.428,717.68384, , 
67394.983950916,904,-1.2365884465706911,-0.077069595,3.005536931258133,-0.07733607,0.42165843,-0.7134143,0.55431336,1600.1476,1600.1476,955.4259,717.6821, , 
67395.000620041,905,-1.2365606713237416,-0.0760778,3.0115406274156777,-0.08069272,0.42283124,-0.71323794,0.5531672,1600.1476,1600.1476,955.424,717.68097, , 
67395.017289291,906,-1.2317312551576172,-0.07515539,3.020893992469907,-0.083915874,0.42449042,-0.7127548,0.55203855,1600.1476,1600.1476,955.4222,717.6809, , 
67395.033958541,907,-1.2228631179146265,-0.07394406,3.0295668835927994,-0.086954646,0.42638057,-0.71215224,0.550888,1600.1476,1600.1476,955.4212,717.68164, , 
67395.067296916,908,-1.2276964539923536,-0.0719877,3.041899853714241,-0.091917515,0.4298002,-0.71125567,0.5485784,1600.1476,1600.1476,955.42004,717.683, , 
67395.083966125,909,-1.2117328317734206,-0.07102173,3.051233431017074,-0.0936591,0.43077725,-0.7112053,0.5475819,1600.1476,1600.1476,955.4198,717.68256, , 
67395.100635375,910,-1.2153396205257336,-0.07003701,3.0562496800727526,-0.0948716,0.43107286,-0.7114604,0.5468087,1600.1476,1600.1476,955.4195,717.6814, , 
67395.117304666,911,-1.2070583780578856,-0.069045514,3.0607330993323485,-0.095508575,0.4306547,-0.7119748,0.54635745,1600.1476,1600.1476,955.41876,717.67883, , 
67395.133973708,912,-1.2154553045341667,-0.06768653,3.0659880227303913,-0.09559159,0.42962816,-0.71262366,0.54630524,1600.1476,1600.1476,955.4182,717.6766, , 
67395.150642916,913,-1.2060832266198611,-0.06664418,3.068565569598099,-0.09535127,0.4284654,-0.71315455,0.5465675,1600.1476,1600.1476,955.4175,717.6745, , 
67395.1839815,914,-1.1965130642298905,-0.06496474,3.0809779530105157,-0.095648766,0.42656565,-0.7133069,0.54780126,1599.6957,1599.6957,955.41486,717.67285, , 
67395.200650708,915,-1.1956359924453681,-0.064226605,3.082860129106555,-0.096309654,0.42568436,-0.7130733,0.54867446,1599.6957,1599.6957,955.41284,717.67316, , 
67395.217319708,916,-1.1900061995528033,-0.063542046,3.0877813518809987,-0.09682905,0.4247149,-0.71286273,0.5496073,1599.6957,1599.6957,955.41003,717.6736, , 
67395.233989041,917,-1.1924188527288184,-0.06253933,3.0966202240939382,-0.09700265,0.42356735,-0.7127595,0.55059516,1599.6957,1599.6957,955.4083,717.6738, , 
67395.250658291,918,-1.1882609471618049,-0.061877254,3.0939398844483716,-0.09709874,0.42243493,-0.71258545,0.55167246,1600.1476,1600.1476,955.40656,717.6742, , 
67395.283996666,919,-1.182030530700602,-0.061073203,3.1139768213902865,-0.09770593,0.42021775,-0.7116524,0.5544559,1600.1476,1600.1476,955.4015,717.6769, , 
67395.300665916,920,-1.1751832493560626,-0.06076617,3.1207758120827815,-0.097816765,0.41870734,-0.71133244,0.5559876,1600.1476,1600.1476,955.3991,717.678, , 
67395.317335166,921,-1.1718002838067747,-0.060451142,3.1191043459847028,-0.09761221,0.41698322,-0.7113138,0.5573415,1600.1476,1600.1476,955.3969,717.67816, , 
67395.334004416,922,-1.1703244462262097,-0.060069695,3.1275097231158044,-0.097005166,0.41510516,-0.7114753,0.5586416,1600.1476,1600.1476,955.3946,717.67786, , 
67395.350673708,923,-1.1671232468571078,-0.05974229,3.131061933914138,-0.09594767,0.4130766,-0.7116151,0.560148,1600.1476,1600.1476,955.3932,717.6777, , 
67395.384012,924,-1.1592455518017575,-0.058965728,3.1387429421690194,-0.09363299,0.40846446,-0.71203953,0.56337327,1599.6957,1599.6957,955.38934,717.67706, , 
67395.40068125,925,-1.1537330104464103,-0.058501378,3.14847936116072,-0.09274894,0.40610388,-0.71242756,0.56473386,1599.6957,1599.6957,955.38776,717.6761, , 
67395.417350541,926,-1.1522756714596856,-0.058035113,3.154505846806589,-0.09217175,0.40350458,-0.7128742,0.56612617,1600.1476,1600.1476,955.38586,717.6747, , 
67395.434019583,927,-1.1454509847719043,-0.058080517,3.1606031416512277,-0.09189951,0.40028954,-0.71341443,0.56776977,1600.1476,1600.1476,955.38226,717.67224, , 
67395.450688833,928,-1.1411761840405399,-0.05780944,3.1614182101019876,-0.09140498,0.3963013,-0.71418417,0.5696766,1600.1476,1600.1476,955.379,717.6696, , 
67395.484027375,929,-1.1324650110385084,-0.05720962,3.172838240878812,-0.08844081,0.38796782,-0.7164332,0.57304674,1600.1476,1600.1476,955.3732,717.6617, , 
67395.500696583,930,-1.12718723185019,-0.057022873,3.175686547972179,-0.08612064,0.3842978,-0.7175802,0.57443637,1600.1476,1600.1476,955.3721,717.65845, , 
67395.517365666,931,-1.115479887957475,-0.056902543,3.185706439938998,-0.08371835,0.3807865,-0.7185332,0.57593656,1600.1476,1600.1476,955.3711,717.6559, , 
67395.534034958,932,-1.1165952735186386,-0.056671288,3.186947925542509,-0.08156538,0.37702745,-0.7193801,0.57765883,1600.1476,1600.1476,955.3694,717.65283, , 
67395.567373416,933,-1.102240631200319,-0.056346714,3.1991194404737584,-0.07615794,0.3685172,-0.721318,0.58145976,1600.1476,1600.1476,955.3662,717.6479, , 
67395.584042541,934,-1.093545341478337,-0.056262627,3.1990432924420866,-0.07209608,0.36439082,-0.72246456,0.5831522,1600.1476,1600.1476,955.3658,717.6445, , 
67395.600711708,935,-1.0894907516165675,-0.05624204,3.206041849428824,-0.06761304,0.36086938,-0.72351384,0.58457637,1600.1476,1600.1476,955.36633,717.6423, , 
67395.617381041,936,-1.0856834330059237,-0.05621957,3.207448073012886,-0.063659854,0.35786298,-0.72427595,0.5859232,1600.1476,1600.1476,955.3672,717.6407, , 
67395.650719541,937,-1.0719246020766815,-0.05565142,3.2164167122805103,-0.060118996,0.35271025,-0.72426337,0.5894265,1600.1476,1600.1476,955.36487,717.64075, , 
67395.667388625,938,-1.0739331310824367,-0.05560193,3.2259455460372655,-0.05967644,0.35088742,-0.72333974,0.5916894,1600.1476,1600.1476,955.3625,717.64343, , 
67395.684057791,939,-1.0680882725229246,-0.055649135,3.225897120677211,-0.059488356,0.350037,-0.72195864,0.5938947,1600.1476,1600.1476,955.3603,717.64777, , 
67395.700727083,940,-1.0603546350437254,-0.05564609,3.2300519375239163,-0.05944028,0.35006484,-0.72058094,0.59555405,1600.1476,1600.1476,955.35846,717.6542, , 
67395.734065375,941,-1.049781665507639,-0.0567637,3.238694204492714,-0.058270223,0.35078093,-0.7188547,0.5973317,1600.1476,1600.1476,955.358,717.66113, , 
67395.750734625,942,-1.0448595206109137,-0.057129893,3.2369632078072748,-0.056377087,0.3511106,-0.71838015,0.59789044,1600.1476,1600.1476,955.3589,717.66364, , 
67395.767403958,943,-1.03474974926333,-0.057228632,3.2481865643329644,-0.05341487,0.35115016,-0.71826315,0.5982796,1600.1476,1600.1476,955.3613,717.666, , 
67395.784073208,944,-1.0315413118177108,-0.05722283,3.24251752665829,-0.049394075,0.35042474,-0.7186134,0.5986297,1600.1476,1600.1476,955.3639,717.6664, , 
67395.8174115,945,-1.0304378560201626,-0.057023417,3.247511048781815,-0.040180396,0.34602022,-0.72017103,0.60000765,1599.6957,1599.6957,955.36914,717.6633, , 
67395.83408075,946,-1.0266907892035686,-0.057228897,3.256959351863261,-0.036273897,0.34280223,-0.7208087,0.60133666,1599.6957,1599.6957,955.3698,717.6616, , 
67395.850750041,947,-1.02754607711309,-0.05749199,3.246814690125988,-0.033366278,0.33970803,-0.72102004,0.6030052,1599.6957,1599.6957,955.3695,717.6608, , 
67395.867419333,948,-1.0216283690108154,-0.05743344,3.259003330590431,-0.031637743,0.33740687,-0.7208075,0.6046423,1600.1476,1600.1476,955.3682,717.6615, , 
67395.900757583,949,-1.0224469757912231,-0.057027034,3.2587390114466563,-0.03073425,0.3360753,-0.71950465,0.60697764,1600.1476,1600.1476,955.3662,717.6656, , 
67395.917426875,950,-1.0123532521357221,-0.05684177,3.261285879730708,-0.030315861,0.33641598,-0.71859694,0.6078846,1600.1476,1600.1476,955.366,717.6697, , 
67395.934096083,951,-1.0164835831713628,-0.056850787,3.2589282959551826,-0.029793398,0.33696577,-0.7177156,0.6086466,1600.1476,1600.1476,955.3662,717.673, , 
67395.950765333,952,-1.011677142049856,-0.05666213,3.264734316816397,-0.02945,0.3374171,-0.71697026,0.6092915,1600.1476,1600.1476,955.36646,717.6758, , 
67395.967434458,953,-0.9974919253541515,-0.06021627,3.2460018339628474,-0.030703174,0.33854046,-0.71691924,0.6086661,1600.1476,1600.1476,955.36633,717.6787, , 
67396.000772958,954,-0.9859986756696089,-0.059578393,3.25673391379148,-0.031701677,0.3393855,-0.7159646,0.6092677,1600.1476,1600.1476,955.36566,717.6819, , 
67396.017442208,955,-0.9869768743450786,-0.05910018,3.25453854056541,-0.03195127,0.33967003,-0.7156533,0.60946184,1600.1476,1600.1476,955.3654,717.6834, , 
67396.034111208,956,-0.9817167934737908,-0.058538154,3.2547208012873017,-0.031769987,0.3395546,-0.71552855,0.609682,1600.1476,1600.1476,955.3653,717.684, , 
67396.050780541,957,-0.9863292753537207,-0.05791703,3.2565365342814343,-0.031006418,0.33915958,-0.7155032,0.6099709,1600.1476,1600.1476,955.3654,717.6842, , 
67396.06744975,958,-0.9904386833250237,-0.057227034,3.2588321155539544,-0.029938497,0.33885407,-0.7154905,0.610209,1600.1476,1600.1476,955.3659,717.68445, , 
67396.10078825,959,-0.9855614666144011,-0.055912286,3.2651699998811505,-0.028662132,0.33874497,-0.7158724,0.60988283,1599.6957,1599.6957,955.3674,717.6838, , 
67396.117457333,960,-0.9861016517837611,-0.05483376,3.2643866487255364,-0.028740657,0.338586,-0.7162724,0.60949755,1599.6957,1599.6957,955.3676,717.6825, , 
67396.134126541,961,-0.9768705467878486,-0.053645954,3.261870315326084,-0.029078709,0.33833483,-0.7166293,0.6092014,1599.6957,1599.6957,955.3673,717.68066, , 
67396.150795833,962,-0.9829337354194854,-0.052416153,3.262314451225809,-0.029369984,0.33786002,-0.7168962,0.609137,1600.1476,1600.1476,955.36694,717.67957, , 
67396.184134208,963,-0.9803705656416919,-0.051402472,3.264407748209952,-0.02932233,0.33560523,-0.7172568,0.6099607,1600.1476,1600.1476,955.36475,717.67786, , 
67396.200803458,964,-0.9758366374309498,-0.050470695,3.2705285127252877,-0.029474009,0.33398855,-0.717497,0.610558,1600.1476,1600.1476,955.3632,717.67694, , 
67396.217472666,965,-0.9765681293443029,-0.04946794,3.2700961149644887,-0.02991497,0.33263126,-0.7177588,0.61096966,1600.1476,1600.1476,955.3617,717.6758, , 
67396.234141958,966,-0.9756516022018262,-0.0485174,3.2659320525457596,-0.030925302,0.3320053,-0.7179256,0.6110637,1600.1476,1600.1476,955.36005,717.67456, , 
67396.250811041,967,-0.9783644350318345,-0.047653615,3.265180850656975,-0.032772727,0.33208674,-0.7179659,0.61087584,1600.1476,1600.1476,955.35876,717.674, , 
67396.2841495,968,-0.981486814535862,-0.046777338,3.2713809742588222,-0.037287194,0.33335832,-0.71723175,0.61078674,1600.1476,1600.1476,955.3558,717.67523, , 
67396.300818791,969,-0.9791249409691057,-0.046494268,3.270963277808746,-0.04020627,0.33549052,-0.7164292,0.610376,1600.1476,1600.1476,955.355,717.67725, , 
67396.317488,970,-0.9812057232139849,-0.046319257,3.2755416672382656,-0.043429665,0.33817473,-0.71538025,0.60990393,1600.1476,1600.1476,955.35425,717.68005, , 
67396.334157125,971,-0.9703697461373136,-0.04624667,3.274766203480252,-0.046833564,0.3409391,-0.71414757,0.6095576,1600.1476,1600.1476,955.3532,717.6845, , 
67396.367495583,972,-0.9705392650126641,-0.04664184,3.2783809200039493,-0.051847115,0.3455351,-0.71156126,0.6095883,1600.1476,1600.1476,955.3517,717.692, , 
67396.384164833,973,-0.9737580016763357,-0.0469674,3.2807021106885066,-0.05437736,0.34806728,-0.7102589,0.60944617,1600.1476,1600.1476,955.35126,717.6959, , 
67396.400834041,974,-0.9701449179378201,-0.047103867,3.2823917313733313,-0.056963764,0.35088444,-0.70897216,0.6090926,1600.1476,1600.1476,955.351,717.70087, , 
67396.417503166,975,-0.9693482486918912,-0.04719477,3.2795242384356,-0.059299324,0.35387424,-0.7076755,0.60864764,1600.1476,1600.1476,955.35114,717.70465, , 
67396.434172375,976,-0.9688232518814263,-0.047309406,3.2832030270256345,-0.061038308,0.35677466,-0.7063845,0.608282,1600.1476,1600.1476,955.3517,717.7086, , 
67396.467510916,977,-0.9675897347855981,-0.048417993,3.2809826096345858,-0.06291827,0.3610879,-0.70569116,0.6063472,1600.1476,1600.1476,955.3531,717.71643, , 
67396.484179958,978,-0.9656279310802648,-0.049245417,3.2798890681095045,-0.063814186,0.36283866,-0.7049135,0.60611284,1600.1476,1600.1476,955.3537,717.7189, , 
67396.500849208,979,-0.9672253005778102,-0.049513027,3.284806869293322,-0.064780615,0.36455858,-0.7042006,0.60580695,1600.1476,1600.1476,955.35425,717.7219, , 
67396.517518458,980,-0.9732865634186783,-0.04956703,3.28828125121012,-0.06585287,0.3663166,-0.7035532,0.6053829,1600.1476,1600.1476,955.35474,717.7238, , 
67396.534187708,981,-0.9740021439441352,-0.049526766,3.289482811888815,-0.06686163,0.3681244,-0.70296425,0.60485977,1600.1476,1600.1476,955.3553,717.72565, , 
67396.567526041,982,-0.9591621424115474,-0.05045618,3.2863728761717406,-0.068123594,0.37110743,-0.70272154,0.60317564,1600.1476,1600.1476,955.3577,717.7297, , 
67396.584195208,983,-0.9594550722887021,-0.051327605,3.282164337091457,-0.068504065,0.3734846,-0.7020113,0.6024919,1600.1476,1600.1476,955.3594,717.73206, , 
67396.600864541,984,-0.9674106232458666,-0.051553853,3.288977605105497,-0.06931914,0.37559173,-0.7012733,0.60194796,1600.1476,1600.1476,955.36066,717.73456, , 
67396.617533791,985,-0.9580794078371487,-0.051512137,3.2877813711518256,-0.07075969,0.37720722,-0.7005815,0.6015756,1600.1476,1600.1476,955.36115,717.7372, , 
67396.634202916,986,-0.9600131657422747,-0.051337563,3.2905688856338675,-0.07263104,0.3784881,-0.6998882,0.601355,1600.1476,1600.1476,955.36066,717.73883, , 
67396.667541375,987,-0.9562677110212663,-0.051749617,3.2930925148449264,-0.07646543,0.38013902,-0.6987431,0.60116994,1600.1476,1600.1476,955.35876,717.74365, , 
67396.684210625,988,-0.9609577200458761,-0.05218319,3.289313494135,-0.07841262,0.38098526,-0.6978196,0.60145605,1600.1476,1600.1476,955.3576,717.7459, , 
67396.700879708,989,-0.9495665139185551,-0.052022174,3.2886792284062776,-0.0804975,0.38164106,-0.6970641,0.601641,1600.1476,1600.1476,955.3563,717.74774, , 
67396.717548916,990,-0.950893729543249,-0.05164344,3.289649514627701,-0.08240177,0.38229784,-0.69653714,0.60157657,1600.1476,1600.1476,955.35486,717.74915, , 
67396.734218125,991,-0.9469017582168255,-0.051165275,3.2887091893451075,-0.0840071,0.3830321,-0.6962673,0.6011997,1600.1476,1600.1476,955.3541,717.7495, , 
67396.767556708,992,-0.9434173494053582,-0.050076813,3.2874632965816737,-0.08606412,0.38418967,-0.69662017,0.5997596,1600.1476,1600.1476,955.3537,717.7475, , 
67396.78422575,993,-0.9392786715796104,-0.05010784,3.2952422973132087,-0.086357675,0.38408247,-0.6975383,0.59871805,1600.1476,1600.1476,955.3539,717.7452, , 
67396.800895,994,-0.936131336659939,-0.049754165,3.2935689443430554,-0.08627668,0.3841836,-0.69841963,0.5976364,1600.1476,1600.1476,955.3544,717.74225, , 
67396.81756425,995,-0.9386040302153907,-0.04934664,3.2951471348227206,-0.08612162,0.38422698,-0.6992883,0.59661424,1600.1476,1600.1476,955.355,717.73926, , 
67396.8342335,996,-0.9373816987678828,-0.049003072,3.294873251368807,-0.08620406,0.38434753,-0.69991785,0.5957859,1600.1476,1600.1476,955.35565,717.7361, , 
67396.850902541,997,-0.9385636503979833,-0.048758462,3.2937582215436225,-0.08665717,0.38451785,-0.70022035,0.59525466,1600.1476,1600.1476,955.35565,717.7346, , 
67396.884241083,998,-0.9309363173030312,-0.04977426,3.298592813587798,-0.08796358,0.38576958,-0.700074,0.5944246,1600.1476,1600.1476,955.35474,717.7341, , 
67396.900910291,999,-0.9306359346840283,-0.050866414,3.296668570250204,-0.08923776,0.3864695,-0.6995669,0.5943771,1600.1476,1600.1476,955.354,717.7349, , 
67396.9175795,1000,-0.9314628958900253,-0.05134465,3.298019433547123,-0.09058979,0.38729277,-0.6989744,0.5943337,1600.1476,1600.1476,955.35345,717.7362, , 
67396.934248625,1001,-0.9224439717177619,-0.0516399,3.3005269654695306,-0.0920082,0.38820773,-0.6984008,0.59419316,1600.1476,1600.1476,955.35284,717.7379, , 
67396.950917875,1002,-0.9219751618182844,-0.051889885,3.2974660997263276,-0.093285084,0.3892594,-0.6979365,0.59385157,1600.1476,1600.1476,955.35254,717.73895, , 
67396.984256416,1003,-0.9285298883801123,-0.05276518,3.2932517276657243,-0.095160335,0.392159,-0.69691926,0.5928401,1600.1476,1600.1476,955.35345,717.74, , 
67397.000925458,1004,-0.9241090113435035,-0.053156007,3.2960825873570805,-0.09464315,0.39316395,-0.6969975,0.5921649,1600.1476,1600.1476,955.35516,717.7402, , 
67397.017594666,1005,-0.9171168029924885,-0.05344721,3.2959602203797145,-0.09404809,0.3941297,-0.69700336,0.5916106,1600.1476,1600.1476,955.35657,717.7404, , 
67397.034263958,1006,-0.9185063411011127,-0.053684898,3.2991408046230033,-0.09346652,0.39484367,-0.6968305,0.59143025,1600.1476,1600.1476,955.3577,717.74115, , 
67397.050933166,1007,-0.9088418582880459,-0.05388668,3.3020939241939917,-0.09326883,0.39549875,-0.696299,0.59164965,1600.1476,1600.1476,955.3587,717.74335, , 
67397.067602333,1008,-0.9100266960542602,-0.054000665,3.297536646522011,-0.0941448,0.39621598,-0.695408,0.59207886,1600.1476,1600.1476,955.3586,717.7457, , 
67397.10094075,1009,-0.9048202433771181,-0.054319233,3.2952096819774024,-0.09936302,0.39853498,-0.692596,0.5929651,1600.1476,1600.1476,955.355,717.75214, , 
67397.117609958,1010,-0.9014004045713356,-0.054238353,3.2996404131305557,-0.102152176,0.39930555,-0.6914217,0.5933432,1600.1476,1600.1476,955.35297,717.7545, , 
67397.134279166,1011,-0.8977085316864949,-0.054127023,3.293030024455773,-0.10406968,0.40010127,-0.690468,0.5935844,1600.1476,1600.1476,955.35156,717.7567, , 
67397.150948291,1012,-0.8999336559294967,-0.054011025,3.2960541485667028,-0.10502456,0.4008764,-0.689837,0.5936269,1600.1476,1600.1476,955.351,717.7591, , 
67397.167617583,1013,-0.8971900686430045,-0.054575626,3.297754886605903,-0.105392784,0.4025046,-0.68937564,0.59299546,1600.1476,1600.1476,955.35114,717.75995, , 
67397.184286791,1014,-0.8973179193081514,-0.054902554,3.297147298802412,-0.106332526,0.4033332,-0.68922406,0.59244066,1600.1476,1600.1476,955.35114,717.76, , 
67397.217625208,1015,-0.8901916403112689,-0.054877616,3.298239272374888,-0.10853536,0.40643412,-0.6887339,0.59048885,1600.1476,1600.1476,955.3522,717.7603, , 
67397.234294333,1016,-0.8876908358529705,-0.054858997,3.300312269959787,-0.1096108,0.40874735,-0.6881885,0.5893281,1600.1476,1600.1476,955.3532,717.7614, , 
67397.250963583,1017,-0.8817655178646092,-0.054853033,3.3054240487195394,-0.11094893,0.4112246,-0.687427,0.5882422,1600.1476,1600.1476,955.3546,717.76385, , 
67397.267632875,1018,-0.881144602110351,-0.05482564,3.3037191288951258,-0.11294212,0.41353515,-0.68652064,0.5873007,1600.1476,1600.1476,955.35516,717.76587, , 
67397.284302083,1019,-0.8814597348293797,-0.055053383,3.302177331648661,-0.116106324,0.41518474,-0.6850002,0.58729523,1600.1476,1600.1476,955.35486,717.76776, , 
67397.300971166,1020,-0.8767014882001122,-0.055153348,3.306335979236072,-0.11880821,0.4169332,-0.68379265,0.58692324,1600.1476,1600.1476,955.354,717.7699, , 
67397.317640458,1021,-0.8774837727846846,-0.055249773,3.3099023954912217,-0.121371955,0.41877228,-0.68250924,0.5865831,1600.1476,1600.1476,955.3531,717.77344, , 
67397.350978916,1022,-0.8670645712122232,-0.05547032,3.3159409210535276,-0.1251542,0.42229414,-0.6804023,0.58571047,1600.1476,1600.1476,955.35254,717.7782, , 
67397.367648166,1023,-0.8604738104441694,-0.055596028,3.31506892890476,-0.12661153,0.42402115,-0.67948353,0.585216,1600.1476,1600.1476,955.35284,717.78107, , 
67397.384317166,1024,-0.8635710184660982,-0.05612641,3.3152907451328604,-0.1292516,0.42597196,-0.67793787,0.5850146,1600.1476,1600.1476,955.3527,717.783, , 
67397.4009865,1025,-0.8635618116195409,-0.056483023,3.3209422565904942,-0.13170627,0.42735964,-0.6769794,0.58456486,1600.5995,1600.5995,955.3522,717.78455, , 
67397.417655708,1026,-0.8557497457135431,-0.056655783,3.321672226321594,-0.13447641,0.42885143,-0.6758859,0.5841068,1600.1476,1600.1476,955.3509,717.7867, , 
67397.434324875,1027,-0.8539475416605246,-0.056799274,3.3218044029534006,-0.13729607,0.4305778,-0.6746701,0.5835861,1600.1476,1600.1476,955.35,717.7887, , 
67397.450993958,1028,-0.8493050148910327,-0.05693495,3.321822196990091,-0.1400138,0.4322851,-0.67348045,0.5830521,1600.1476,1600.1476,955.34924,717.7907, , 
67397.467663166,1029,-0.8479771314634289,-0.05703298,3.326520988650783,-0.1426089,0.43360895,-0.6725022,0.5825692,1600.1476,1600.1476,955.34796,717.79285, , 
67397.50100175,1030,-0.8408098327888945,-0.058519516,3.334674059485936,-0.14796248,0.4356656,-0.6710194,0.5814082,1600.1476,1600.1476,955.3459,717.7934, , 
67397.517671,1031,-0.8409708999073606,-0.058749255,3.331493303848823,-0.1508188,0.43687716,-0.670401,0.58047783,1600.1476,1600.1476,955.3445,717.7932, , 
67397.534340041,1032,-0.829841230107711,-0.058816653,3.3328717472541607,-0.15426663,0.43822598,-0.66972077,0.5793392,1600.1476,1600.1476,955.3432,717.79285, , 
67397.551009333,1033,-0.8316970986723397,-0.05875919,3.3422561621125824,-0.15828909,0.4395965,-0.6690702,0.57796586,1600.1476,1600.1476,955.3416,717.792, , 
67397.567678583,1034,-0.8258568991054771,-0.05859102,3.33936424934016,-0.16244791,0.44075915,-0.6686593,0.57639974,1600.1476,1600.1476,955.3392,717.7896, , 
67397.58434775,1035,-0.8204999347821964,-0.058540747,3.342871862390763,-0.16673118,0.44178504,-0.66836756,0.5747273,1600.5995,1600.5995,955.3375,717.78687, , 
67397.601016875,1036,-0.8192203410455849,-0.05847521,3.349606136669465,-0.16948725,0.4427461,-0.6684335,0.57310253,1600.5995,1600.5995,955.33636,717.7843, , 
67397.634355375,1037,-0.8094754245644947,-0.05847049,3.3574402770019334,-0.17450607,0.44538462,-0.66809225,0.56994116,1600.5995,1600.5995,955.3351,717.7804, , 
67397.651024583,1038,-0.8074481586750973,-0.058485992,3.36256515479785,-0.17786829,0.44713232,-0.6675608,0.5681532,1600.1476,1600.1476,955.33435,717.7792, , 
67397.667693666,1039,-0.8037783215644035,-0.05853499,3.36728410975375,-0.18178795,0.44910723,-0.6668084,0.56623524,1600.1476,1600.1476,955.33344,717.7781, , 
67397.684362916,1040,-0.7980040018625603,-0.05860784,3.372460683422402,-0.18620495,0.45125014,-0.6656446,0.5644629,1600.1476,1600.1476,955.33203,717.77686, , 
67397.701032208,1041,-0.7909860674057908,-0.058838725,3.3749912049395365,-0.19012104,0.45337674,-0.6646787,0.56258845,1600.1476,1600.1476,955.331,717.7763, , 
67397.734370583,1042,-0.787041922300738,-0.05980719,3.382758599614089,-0.19541922,0.45802954,-0.6631065,0.558847,1600.1476,1600.1476,955.3307,717.7761, , 
67397.751039708,1043,-0.7811754926537131,-0.06039788,3.3821132684877586,-0.19780941,0.46108356,-0.6622843,0.5564646,1600.1476,1600.1476,955.3317,717.77673, , 
67397.767709,1044,-0.7759568169002926,-0.06098353,3.3996766835045573,-0.2007581,0.46456426,-0.6612785,0.55370295,1600.1476,1600.1476,955.3325,717.7772, , 
67397.78437825,1045,-0.7700537303216831,-0.06133365,3.403503507971983,-0.20430875,0.46775654,-0.65996647,0.5512768,1600.1476,1600.1476,955.3332,717.7778, , 
67397.817716666,1046,-0.7550049427162605,-0.062209517,3.413446069202083,-0.2117291,0.47422156,-0.65732384,0.5460861,1600.1476,1600.1476,955.3337,717.779, , 
67397.834385791,1047,-0.754025425443121,-0.06268543,3.4166354232251908,-0.21538147,0.47663307,-0.6558801,0.5442914,1600.1476,1600.1476,955.3332,717.7797, , 
67397.851055041,1048,-0.7503930385413319,-0.063121505,3.41916616491721,-0.21882802,0.4787583,-0.6544479,0.5427731,1600.1476,1600.1476,955.3323,717.78076, , 
67397.86772425,1049,-0.7444476276704931,-0.06347587,3.4283752209014637,-0.22210127,0.48122174,-0.6531,0.5408853,1600.1476,1600.1476,955.3317,717.78156, , 
67397.901062541,1050,-0.730873090983189,-0.06407803,3.4376297076339717,-0.22759414,0.4890417,-0.6507881,0.5343351,1600.1476,1600.1476,955.3343,717.7834, , 
67397.917731833,1051,-0.7306896244336506,-0.06419546,3.43926609887479,-0.23015264,0.49441785,-0.6497196,0.5295707,1600.1476,1600.1476,955.33704,717.7843, , 
67397.934401041,1052,-0.7196716858243125,-0.06421664,3.45166245490815,-0.23307429,0.4998898,-0.64865535,0.5244357,1600.1476,1600.1476,955.33997,717.78485, , 
67397.967739375,1053,-0.7190805251524428,-0.06409272,3.453862790247612,-0.24011977,0.5088597,-0.64652985,0.51517314,1600.1476,1600.1476,955.3447,717.7842, , 
67397.984408666,1054,-0.7094946325237006,-0.06345985,3.4606681601705294,-0.24370003,0.51211005,-0.64556766,0.51146454,1600.1476,1600.1476,955.34534,717.78296, , 
67398.001077833,1055,-0.6974329898412638,-0.06313589,3.470955758481413,-0.24724238,0.51456565,-0.6447928,0.5082673,1600.1476,1600.1476,955.3454,717.7807, , 
67398.034416333,1056,-0.6875678103796089,-0.063317634,3.4707616617242345,-0.2538301,0.5193654,-0.6432484,0.50205714,1600.1476,1600.1476,955.34564,717.7775, , 
67398.051085416,1057,-0.6867046850850669,-0.063531905,3.477347841218957,-0.25748065,0.5220447,-0.6423917,0.49850374,1600.1476,1600.1476,955.3459,717.77606, , 
67398.067754666,1058,-0.68339676057773,-0.063580796,3.4833940376057133,-0.26132903,0.52459306,-0.6419293,0.49440467,1600.1476,1600.1476,955.34625,717.77234, , 
67398.084423916,1059,-0.6742422860580841,-0.0637548,3.4834133748320046,-0.2650708,0.5272493,-0.6417789,0.4897607,1600.1476,1600.1476,955.3468,717.76764, , 
67398.11776225,1060,-0.6662712060961075,-0.063057266,3.4851612403043664,-0.27246997,0.532765,-0.6420085,0.479319,1600.1476,1600.1476,955.34973,717.7558, , 
67398.1344315,1061,-0.6544389765844031,-0.06259631,3.4907688297099346,-0.2755256,0.5355951,-0.64197266,0.47444147,1600.1476,1600.1476,955.35144,717.75183, , 
67398.151100666,1062,-0.6497727638758901,-0.06213144,3.4948622632686055,-0.27842742,0.53815985,-0.64174634,0.47013173,1600.1476,1600.1476,955.3532,717.7486, , 
67398.184439208,1063,-0.6398131030664416,-0.06033521,3.4957205458661766,-0.28404173,0.5428269,-0.6405216,0.4630242,1600.1476,1600.1476,955.3554,717.7431, , 
67398.201108208,1064,-0.6394229020290396,-0.059808053,3.507135838739654,-0.28622752,0.5447741,-0.63991857,0.46021655,1600.1476,1600.1476,955.35626,717.7418, , 
67398.217777541,1065,-0.6288348858341327,-0.059344098,3.5064785920102137,-0.2881029,0.54675496,-0.6392035,0.45768392,1600.1476,1600.1476,955.3574,717.7413, , 
67398.251115916,1066,-0.6226748184233533,-0.058264613,3.5126594977718644,-0.29263297,0.5500528,-0.6371716,0.45367402,1600.1476,1600.1476,955.358,717.7411, , 
67398.267785,1067,-0.6177624452538999,-0.057636537,3.5136675288600925,-0.29591325,0.5515053,-0.63548774,0.45214215,1600.1476,1600.1476,955.35657,717.7416, , 
67398.301123541,1068,-0.6103997984435966,-0.055833,3.51571210959806,-0.30248022,0.5552927,-0.63109237,0.44930845,1600.1476,1600.1476,955.3537,717.7442, , 
67398.317792791,1069,-0.6046135025964796,-0.05535164,3.5156414479790996,-0.30549154,0.5573059,-0.6287376,0.44807816,1600.1476,1600.1476,955.3523,717.7477, , 
67398.334462041,1070,-0.5977116902108125,-0.05496441,3.514607691146319,-0.30847818,0.55924875,-0.62636536,0.44693235,1600.1476,1600.1476,955.35114,717.75037, , 
67398.367800333,1071,-0.5874509860208235,-0.0534067,3.523487507699881,-0.3145419,0.56385773,-0.6211784,0.4441455,1600.1476,1600.1476,955.34894,717.75555, , 
67398.3844695,1072,-0.582382304847414,-0.052990984,3.5231920356030066,-0.31780392,0.56604075,-0.6186401,0.44258654,1600.1476,1600.1476,955.34753,717.75916, , 
67398.401138833,1073,-0.569164632563405,-0.052890703,3.529789101386969,-0.32126036,0.56825715,-0.615974,0.44096676,1600.1476,1600.1476,955.3465,717.76166, , 
67398.434477083,1074,-0.5684426304976428,-0.053169765,3.525977980213633,-0.32744694,0.57301646,-0.6107049,0.4375731,1600.1476,1600.1476,955.3445,717.7684, , 
67398.451146375,1075,-0.5575701987283292,-0.053498022,3.5321505945957377,-0.32944015,0.575394,-0.6086797,0.4357751,1600.1476,1600.1476,955.3446,717.77124, , 
67398.484484833,1076,-0.551213393393148,-0.05447167,3.5417521763600117,-0.3317225,0.579628,-0.6055617,0.4327662,1600.1476,1600.1476,955.34576,717.7767, , 
67398.501153875,1077,-0.5437258807086564,-0.055065863,3.53310555714013,-0.33331403,0.5810639,-0.6041701,0.43156117,1600.1476,1600.1476,955.34576,717.7782, , 
67398.517823166,1078,-0.5404475092433335,-0.055712655,3.5355766102232975,-0.33482307,0.5821279,-0.60293806,0.4306811,1600.1476,1600.1476,955.3454,717.7794, , 
67398.551161583,1079,-0.5207613054580545,-0.057028312,3.5438597621053844,-0.33768803,0.58361393,-0.60102546,0.42910373,1600.1476,1600.1476,955.34436,717.78076, , 
67398.567830708,1080,-0.5171404469134685,-0.057651173,3.5501938306155347,-0.33936843,0.5843467,-0.60015243,0.42800128,1600.1476,1600.1476,955.34393,717.78064, , 
67398.601169166,1081,-0.5053035618628354,-0.059409495,3.5439536469382804,-0.34279433,0.5864713,-0.59805036,0.42529878,1600.1476,1600.1476,955.34296,717.7801, , 
67398.617838333,1082,-0.4989280072301662,-0.059994586,3.549407249156603,-0.34500366,0.5877672,-0.5966379,0.42370442,1600.1476,1600.1476,955.3425,717.78046, , 
67398.634507625,1083,-0.4882920803039907,-0.06037689,3.550349467420541,-0.34780064,0.5892327,-0.59476537,0.42201132,1600.1476,1600.1476,955.3419,717.7809, , 
67398.667845916,1084,-0.4767123195402837,-0.060418397,3.552280572960443,-0.3543896,0.59240633,-0.58997583,0.4187974,1600.1476,1600.1476,955.33905,717.7833, , 
67398.684515166,1085,-0.46712798060674854,-0.0600376,3.5532567952418352,-0.35745445,0.5943852,-0.58706844,0.41747245,1600.5995,1600.5995,955.3379,717.7854, , 
67398.7178535,1086,-0.44441945920842546,-0.058787208,3.559571865889075,-0.36546963,0.5988852,-0.57970965,0.41437325,1600.1476,1600.1476,955.3343,717.7926, , 
67398.734522666,1087,-0.4439120703392464,-0.057850536,3.5572864365360717,-0.37058064,0.60142857,-0.57507724,0.41260132,1600.1476,1600.1476,955.33215,717.7962, , 
67398.751191958,1088,-0.43684782307194303,-0.056730427,3.5538083843114925,-0.37584427,0.6039927,-0.57025015,0.4107903,1600.1476,1600.1476,955.32916,717.8011, , 
67398.784530458,1089,-0.42136574557548256,-0.053865746,3.557607222131944,-0.38519016,0.6086492,-0.56124014,0.40765706,1600.5995,1600.5995,955.3251,717.8078, , 
67398.801199541,1090,-0.40756742728926165,-0.052301645,3.5602545919679494,-0.39021388,0.61067855,-0.5569248,0.4057581,1600.1476,1600.1476,955.3224,717.81085, , 
67398.817868708,1091,-0.40146496790739833,-0.05065521,3.5560838474005685,-0.3954859,0.61273444,-0.5525357,0.40354884,1600.1476,1600.1476,955.3203,717.8124, , 
67398.85120725,1092,-0.38721802781839154,-0.047519755,3.55843175403368,-0.40580863,0.6172005,-0.54336435,0.39892107,1600.5995,1600.5995,955.3167,717.8161, , 
67398.867876291,1093,-0.3791742487059079,-0.046129376,3.559191399795765,-0.41021037,0.6193768,-0.5391221,0.39679617,1600.5995,1600.5995,955.31476,717.81885, , 
67398.884545541,1094,-0.36646223197772204,-0.045247518,3.554741862548094,-0.41427347,0.62110925,-0.5357049,0.3944883,1600.1476,1600.1476,955.3136,717.82, , 
67398.917884,1095,-0.3524020843967038,-0.042953335,3.565699511502938,-0.42201954,0.62300074,-0.53167796,0.3887005,1600.1476,1600.1476,955.3109,717.8148, , 
67398.934553291,1096,-0.3350334049476977,-0.041856684,3.554511196119931,-0.42535317,0.6236158,-0.5308184,0.3852402,1600.1476,1600.1476,955.31006,717.81024, , 
67398.967891541,1097,-0.32350430367470345,-0.040975034,3.5596754181034966,-0.43120417,0.62548006,-0.5294907,0.37746164,1600.1476,1600.1476,955.3094,717.7993, , 
67398.984560833,1098,-0.3148512671547667,-0.04066351,3.55897381884768,-0.43405828,0.6265978,-0.52871424,0.37340313,1600.1476,1600.1476,955.3094,717.7953, , 
67399.001230125,1099,-0.3066991589725226,-0.040317602,3.5574897364608162,-0.43651503,0.62770015,-0.5280302,0.3696365,1600.1476,1600.1476,955.3095,717.7916, , 
67399.034568291,1100,-0.2965551404851651,-0.039904766,3.562610816766895,-0.43979993,0.6310709,-0.52648413,0.36213234,1600.5995,1600.5995,955.31116,717.78735, , 
67399.051237625,1101,-0.28781402604814266,-0.039816584,3.5590709696979377,-0.44113615,0.63347393,-0.5251652,0.35820547,1600.5995,1600.5995,955.3124,717.7878, , 
67399.084575916,1102,-0.2678395337625619,-0.041057233,3.556711650895337,-0.44395432,0.6390369,-0.52096355,0.35090375,1600.1476,1600.1476,955.3153,717.7926, , 
67399.101245125,1103,-0.25898068561579435,-0.041615605,3.5630548517496536,-0.44534203,0.64186263,-0.5183658,0.34782133,1600.1476,1600.1476,955.31635,717.7962, , 
67399.117914333,1104,-0.2555135845964143,-0.041753788,3.56147407432992,-0.44674334,0.6443787,-0.515881,0.3450555,1600.1476,1600.1476,955.31726,717.79974, , 
67399.151252791,1105,-0.23322172976170014,-0.041485082,3.557012338708067,-0.44951466,0.6480717,-0.5121895,0.34000212,1600.1476,1600.1476,955.31854,717.8043, , 
67399.167921916,1106,-0.22812585638446753,-0.042021498,3.5552317841916734,-0.45063242,0.6496168,-0.5110009,0.33735222,1600.1476,1600.1476,955.3193,717.80536, , 
67399.184591125,1107,-0.218093552204969,-0.042197354,3.562536565742012,-0.45154735,0.65153503,-0.50970995,0.33436942,1600.1476,1600.1476,955.3207,717.8072, , 
67399.217929541,1108,-0.20448140921403687,-0.04238844,3.5601490894138403,-0.45361298,0.6553124,-0.50715107,0.32802242,1600.1476,1600.1476,955.323,717.80963, , 
67399.234598708,1109,-0.20194370725536012,-0.042406175,3.5566350424527777,-0.45464674,0.6567013,-0.5064073,0.3249481,1600.1476,1600.1476,955.3244,717.8096, , 
67399.251267916,1110,-0.18723665172494297,-0.042380847,3.5631665950858267,-0.45559296,0.65785867,-0.50596607,0.32195547,1600.5995,1600.5995,955.32544,717.8087, , 
67399.284606416,1111,-0.17916149314196314,-0.042609267,3.558103869398019,-0.4584596,0.66026354,-0.5043822,0.31538138,1600.5995,1600.5995,955.3273,717.8069, , 
67399.301275583,1112,-0.1780223396376333,-0.042756125,3.5608861374559737,-0.460258,0.6616973,-0.50287336,0.3121499,1600.1476,1600.1476,955.32825,717.80646, , 
67399.31794475,1113,-0.17259875098991617,-0.0428887,3.5611957434209174,-0.46242067,0.6632169,-0.5007611,0.30910975,1600.1476,1600.1476,955.3284,717.80676, , 
67399.351283125,1114,-0.1523374594992948,-0.043043554,3.5593041718191265,-0.46786964,0.6659217,-0.49547517,0.30356306,1600.5995,1600.5995,955.3274,717.80743, , 
67399.367952416,1115,-0.1430787957943983,-0.043072086,3.5681089532539736,-0.47086105,0.6671506,-0.49263525,0.30084938,1600.5995,1600.5995,955.3266,717.8074, , 
67399.3846215,1116,-0.13550266457989607,-0.04298781,3.576741328239813,-0.47377938,0.6685096,-0.48981383,0.2978427,1600.5995,1600.5995,955.32587,717.8075, , 
67399.417959958,1117,-0.11518482946351395,-0.04322842,3.5697884831506372,-0.47857684,0.67189676,-0.48401314,0.2919765,1600.5995,1600.5995,955.32544,717.8103, , 
67399.434629208,1118,-0.11431945138267743,-0.04334408,3.570086516577392,-0.48148403,0.6733884,-0.48065844,0.28929013,1600.5995,1600.5995,955.3248,717.8115, , 
67399.451298458,1119,-0.10498635096199911,-0.043406907,3.5691867370784687,-0.48480037,0.6744844,-0.4770647,0.28713888,1600.1476,1600.1476,955.3231,717.8124, , 
67399.467967541,1120,-0.09790584660091747,-0.043417484,3.5709858084291106,-0.48831195,0.67518485,-0.47354808,0.28535762,1600.1476,1600.1476,955.32135,717.8124, , 
67399.501305958,1121,-0.0864095628779076,-0.04317921,3.574777252558948,-0.49386868,0.67662495,-0.46781406,0.28181973,1600.1476,1600.1476,955.31824,717.8121, , 
67399.51797525,1122,-0.0750087250903418,-0.04313755,3.5773441511594584,-0.49566853,0.6778251,-0.46563628,0.27937192,1600.1476,1600.1476,955.318,717.8126, , 
67399.534644208,1123,-0.06769179391972836,-0.04305376,3.5756576995456637,-0.49698454,0.6787963,-0.4642017,0.27705377,1600.1476,1600.1476,955.31824,717.81305, , 
67399.567982708,1124,-0.0519755236198235,-0.042525418,3.581047682691263,-0.49982584,0.6786421,-0.4632648,0.27386993,1600.1476,1600.1476,955.31775,717.8087, , 
67399.584652,1125,-0.042765019939298085,-0.04332839,3.5819845718141945,0.5012454,-0.67757195,0.46405798,-0.272579,1600.1476,1600.1476,955.3172,717.80426, , 
67399.60132125,1126,-0.03603709092573275,-0.043255977,3.586505363976975,0.50189626,-0.6762943,0.46581873,-0.2715494,1600.1476,1600.1476,955.31696,717.79895, , 
67399.634659541,1127,-0.02721342677749696,-0.04244946,3.5932920971737436,0.5004419,-0.67337954,0.4722994,-0.27027982,1600.1476,1600.1476,955.31866,717.7861, , 
67399.651328791,1128,-0.01561055491435412,-0.04199952,3.5972425688065233,-0.49845767,0.6722525,-0.4761481,0.26999936,1600.1476,1600.1476,955.32043,717.78174, , 
67399.667997916,1129,-0.0074845801025245125,-0.04153324,3.596530084909785,-0.49625286,0.671551,-0.47950023,0.26987392,1600.5995,1600.5995,955.3231,717.77814, , 
67399.701336291,1130,0.005336287317333312,-0.04294968,3.604629289105361,-0.49230736,0.6702463,-0.48448664,0.27143326,1600.1476,1600.1476,955.3261,717.7764, , 
67399.718005541,1131,0.01380937714080796,-0.042637136,3.6137161013266788,-0.49054855,0.66943043,-0.48626864,0.27343708,1600.1476,1600.1476,955.3267,717.7764, , 
67399.734674708,1132,0.01966418242693943,-0.04222279,3.617123151969343,-0.48893514,0.66839767,-0.48776224,0.27617928,1600.1476,1600.1476,955.3266,717.7766, , 
67399.768013083,1133,0.03145590487291561,-0.041329477,3.6313196746216967,-0.4869399,0.6655111,-0.48951235,0.28348204,1600.5995,1600.5995,955.3234,717.77734, , 
67399.784682291,1134,0.03320735719425678,-0.042629573,3.640634669309714,-0.48619825,0.6635923,-0.49012345,0.2881591,1600.5995,1600.5995,955.32135,717.7776, , 
67399.8013515,1135,0.03935454042632688,-0.043002877,3.6483616461088686,-0.48488596,0.6616938,-0.49104765,0.29311967,1600.1476,1600.1476,955.3194,717.7782, , 
67399.834689833,1136,0.0485041781490697,-0.04345625,3.6685972608495656,-0.4801203,0.65795815,-0.49457067,0.3032744,1600.1476,1600.1476,955.3166,717.781, , 
67399.851359125,1137,0.05310643184738083,-0.043798815,3.670186601245151,-0.4769635,0.65586287,-0.4972344,0.30839527,1600.1476,1600.1476,955.31604,717.782, , 
67399.868028291,1138,0.055925308385760535,-0.044224292,3.6867408353538176,-0.4735548,0.6532247,-0.5006459,0.31368294,1600.1476,1600.1476,955.3154,717.78235, , 
67399.90136675,1139,0.0628014783573568,-0.04762417,3.700347752291025,-0.4647033,0.64717114,-0.5091099,0.32561848,1600.1476,1600.1476,955.31506,717.7818, , 
67399.918035833,1140,0.06483586430197716,-0.048665013,3.714047537169943,-0.45893517,0.64420116,-0.5142111,0.33161774,1600.1476,1600.1476,955.31555,717.78186, , 
67399.934705041,1141,0.0721362421886432,-0.049727686,3.718747403765338,-0.45227602,0.64124984,-0.5197425,0.33780578,1600.1476,1600.1476,955.3172,717.78284, , 
67399.968043541,1142,0.08331049506075103,-0.05203399,3.7442189251205846,-0.43744886,0.6347786,-0.5312694,0.35135093,1600.1476,1600.1476,955.31995,717.7858, , 
67399.984712541,1143,0.08303455375187499,-0.05488246,3.7523289052251054,-0.4297436,0.6310803,-0.5367263,0.35914195,1600.1476,1600.1476,955.3215,717.7887, , 
67400.018051,1144,0.08809869080773816,-0.05816409,3.781555023725385,-0.4135785,0.6229065,-0.54736286,0.37594438,1600.5995,1600.5995,955.32324,717.7936, , 
67400.034720291,1145,0.08819427903258535,-0.05961724,3.7848499592853995,-0.40502,0.61861795,-0.5525415,0.3846666,1600.5995,1600.5995,955.32404,717.79645, , 
67400.051389541,1146,0.09534887299698379,-0.061141625,3.802696755447375,-0.3961989,0.6144486,-0.5574564,0.3933468,1600.5995,1600.5995,955.32544,717.8012, , 
67400.08472775,1147,0.09155939490911884,-0.06550527,3.8187102126961774,-0.37907833,0.6057597,-0.5664066,0.41053444,1600.5995,1600.5995,955.3275,717.80963, , 
67400.101397041,1148,0.09628218644490309,-0.06747974,3.8287611434486193,-0.37072724,0.60106415,-0.5705338,0.41925463,1600.5995,1600.5995,955.3284,717.8148, , 
67400.134735375,1149,0.09809334550478006,-0.070635736,3.8550196659144738,-0.35403666,0.59020215,-0.57949287,0.4364716,1600.5995,1600.5995,955.3293,717.81964, , 
67400.151404583,1150,0.09585213537110654,-0.07201646,3.867992406061628,-0.34540427,0.5839442,-0.5845501,0.44497874,1600.5995,1600.5995,955.32947,717.8202, , 
67400.184743,1151,0.09498674678360705,-0.07542554,3.884313386113559,-0.32592747,0.57049596,-0.59601974,0.46159086,1600.1476,1600.1476,955.3309,717.8197, , 
67400.20141225,1152,0.09908732184576816,-0.07701302,3.8961857887819606,-0.3148889,0.5634761,-0.6021278,0.46987432,1600.1476,1600.1476,955.3329,717.819, , 
67400.218081333,1153,0.09710975991143672,-0.078418486,3.9051293126138362,-0.30346793,0.5560384,-0.60834026,0.4781743,1600.1476,1600.1476,955.3345,717.81793, , 
67400.251419833,1154,0.09756458404672413,-0.08095939,3.924039416354444,-0.2807377,0.5396765,-0.6203626,0.49506164,1600.1476,1600.1476,955.33704,717.81366, , 
67400.268089041,1155,0.10513128830400735,-0.08220071,3.937940696616807,-0.26938912,0.5307105,-0.62622964,0.50359917,1600.1476,1600.1476,955.3375,717.81134, , 
67400.301427333,1156,0.0925219154243622,-0.08542261,3.95082426424465,-0.24605161,0.51239204,-0.6362257,0.5216605,1600.5995,1600.5995,955.33856,717.8087, , 
67400.318096583,1157,0.08918029274796023,-0.08649913,3.962618767503479,-0.23394956,0.5029573,-0.6406133,0.53095776,1600.5995,1600.5995,955.33905,717.80884, , 
67400.334765833,1158,0.08863483210758485,-0.08734276,3.965506585496363,-0.22160055,0.49290067,-0.64481235,0.54051757,1600.5995,1600.5995,955.33923,717.80927, , 
67400.368104083,1159,0.07817828092399949,-0.08817243,3.9849643572545235,-0.1968714,0.46997812,-0.65324205,0.56003296,1600.5995,1600.5995,955.33777,717.8076, , 
67400.384773333,1160,0.07444597732687043,-0.08843811,3.9958286010681427,-0.18444927,0.4576524,-0.65705013,0.56992805,1600.1476,1600.1476,955.3365,717.8063, , 
67400.401442583,1161,0.07186768392340429,-0.08843091,3.999009908567652,-0.1716314,0.44578105,-0.6602684,0.5795407,1600.1476,1600.1476,955.3356,717.8061, , 
67400.434780791,1162,0.058742103325246285,-0.08794131,4.007872002439979,-0.14466314,0.4230605,-0.6650661,0.5981467,1600.1476,1600.1476,955.3359,717.8109, , 
67400.451450125,1163,0.05594709071099726,-0.08734241,4.022699578671483,-0.13106428,0.4114738,-0.6671892,0.6069349,1600.1476,1600.1476,955.33636,717.81305, , 
67400.468119333,1164,0.04963685590531067,-0.08647268,4.027604740718776,-0.117304444,0.3997547,-0.66926515,0.6152398,1600.1476,1600.1476,955.33704,717.8152, , 
67400.4847885,1165,0.04281680375828088,-0.0852163,4.029460426868821,-0.103560396,0.3881123,-0.6708744,0.6233551,1600.1476,1600.1476,955.33777,717.81683, , 
67400.518126875,1166,0.02338784723257378,-0.08321853,4.038350485353362,-0.07687885,0.3645904,-0.6726809,0.6392682,1600.1476,1600.1476,955.33905,717.8227, , 
67400.534796125,1167,0.026968268666018282,-0.082282744,4.040016595604627,-0.06376809,0.3527853,-0.67304343,0.646907,1600.1476,1600.1476,955.3395,717.82574, , 
67400.551465333,1168,0.01427049310301113,-0.081348166,4.044635016895903,-0.05073709,0.34117427,-0.67314655,0.6541403,1600.1476,1600.1476,955.3402,717.8288, , 
67400.584803583,1169,0.0004784305793783198,-0.07941707,4.049317993825832,-0.026074179,0.3177201,-0.6729596,0.6674574,1600.1476,1600.1476,955.3414,717.8347, , 
67400.601472791,1170,-0.012082179711657216,-0.078467414,4.047313828733158,0.014725006,-0.305613,0.67278785,-0.6736025,1600.1476,1600.1476,955.341,717.83624, , 
67400.618142041,1171,-0.020513534036594096,-0.07759222,4.04605172950412,0.0038914236,-0.29344195,0.67262983,-0.6792979,1600.1476,1600.1476,955.33984,717.83734, , 
67400.651480541,1172,-0.03176466180630634,-0.07620472,4.04372196347681,-0.017875697,-0.26970756,0.67224175,-0.6892237,1600.1476,1600.1476,955.33856,717.8375, , 
67400.668149625,1173,-0.040562964096336265,-0.07574214,4.043691502405152,-0.029525759,-0.25839445,0.6719398,-0.6934388,1600.1476,1600.1476,955.33856,717.8371, , 
67400.701488041,1174,-0.053644914720043776,-0.07528682,4.039553822115207,-0.053980745,-0.23617041,0.6709449,-0.70081556,1600.1476,1600.1476,955.34033,717.83514, , 
67400.71815725,1175,-0.06661092152272013,-0.07520022,4.041928629220783,-0.06624438,-0.2248982,0.6702411,-0.70413727,1600.1476,1600.1476,955.3411,717.8338, , 
67400.751495541,1176,-0.08392121123732625,-0.07547657,4.030629946222982,-0.090231895,-0.20232704,0.6681777,-0.71025383,1600.5995,1600.5995,955.34265,717.8306, , 
67400.768164791,1177,-0.08884031771119863,-0.07584655,4.0289956177320665,-0.10173004,-0.19139417,0.666734,-0.7130814,1600.5995,1600.5995,955.3433,717.8298, , 
67400.801503,1178,-0.10500940032923071,-0.07797236,4.024696825639753,-0.12386254,-0.17049143,0.66311944,-0.71823627,1600.1476,1600.1476,955.3452,717.82904, , 
67400.818172333,1179,-0.11345330968889483,-0.078739956,4.020842005373128,-0.13493766,-0.16054018,0.6609165,-0.72056097,1600.1476,1600.1476,955.3464,717.82916, , 
67400.851510833,1180,-0.134828807516976,-0.080206364,4.012207174500909,-0.15732679,-0.14115067,0.65595096,-0.72460544,1600.1476,1600.1476,955.3502,717.82935, , 
67400.86818,1181,-0.14329750307810044,-0.08084334,4.00555757214384,-0.16859499,-0.13149929,0.65334797,-0.7262369,1600.1476,1600.1476,955.35205,717.82886, , 
67400.901518333,1182,-0.16173014430427313,-0.082417436,3.9970629895587533,-0.19124408,-0.112592824,0.6482256,-0.72839004,1600.1476,1600.1476,955.3563,717.8257, , 
67400.918187583,1183,-0.16440064440331106,-0.0828175,3.9868723206976435,-0.2026811,-0.10352644,0.6453291,-0.7292139,1600.1476,1600.1476,955.3587,717.8239, , 
67400.951525875,1184,-0.18330849569243574,-0.08344984,3.975286121005582,-0.22461297,-0.08583668,0.63874847,-0.7308772,1600.1476,1600.1476,955.3644,717.8213, , 
67400.968195083,1185,-0.19130034465164236,-0.083905354,3.9699280421384113,-0.23409958,-0.07679189,0.6354272,-0.731801,1600.1476,1600.1476,955.366,717.82117, , 
67401.001533541,1186,-0.21334830240434716,-0.08500615,3.9619626876285983,-0.25051293,-0.057220623,0.6286341,-0.73402196,1600.1476,1600.1476,955.3661,717.8229, , 
67401.018202666,1187,-0.2140936318100959,-0.08539308,3.958192552373763,-0.25841266,-0.0473012,0.62487787,-0.735196,1600.1476,1600.1476,955.3658,717.8244, , 
67401.051541083,1188,-0.2353493319929693,-0.08634427,3.9392870444438075,-0.27502057,-0.028053029,0.61636317,-0.73734194,1600.1476,1600.1476,955.36694,717.82916, , 
67401.068210291,1189,-0.23971071561515273,-0.08694676,3.9321633633166573,-0.28359005,-0.018881937,0.61169326,-0.73827606,1600.1476,1600.1476,955.36835,717.83154, , 
67401.101548541,1190,-0.2506447708549572,-0.08858964,3.920561020159719,-0.30021018,-0.0015064807,0.60253,-0.739479,1600.1476,1600.1476,955.37146,717.8359, , 
67401.11821775,1191,-0.2551955311375148,-0.08924549,3.920210562968625,-0.30801728,0.0068537877,0.5980696,-0.7398588,1600.1476,1600.1476,955.3734,717.8381, , 
67401.134887,1192,-0.26640551305783616,-0.08989237,3.9087108174280742,-0.31539872,0.014837267,0.593715,-0.7401391,1600.1476,1600.1476,955.3747,717.83966, , 
67401.151556208,1193,-0.273766949345285,-0.090557985,3.901694413844048,-0.3224165,0.022488602,0.5894047,-0.7403674,1600.1476,1600.1476,955.3761,717.84125, , 
67401.184894541,1194,-0.28605338101629674,-0.09183509,3.8867981053815055,-0.3353722,0.036955465,0.5811877,-0.7405272,1599.6957,1599.6957,955.37915,717.84503, , 
67401.201563791,1195,-0.29211951262185143,-0.09251381,3.883677163671227,-0.3414937,0.043798577,0.5771135,-0.7405429,1600.1476,1600.1476,955.3803,717.84656, , 
67401.218232916,1196,-0.29300666880484116,-0.09323324,3.879897935418556,-0.34734157,0.050159946,0.5730747,-0.740556,1600.1476,1600.1476,955.38226,717.84875, , 
67401.251571291,1197,-0.3101748996647926,-0.09467718,3.8645347230434175,-0.35822794,0.06173447,0.5653834,-0.7404075,1600.1476,1600.1476,955.3853,717.8517, , 
67401.268240541,1198,-0.31175888901043486,-0.09535562,3.8556397524680746,-0.36324176,0.067212254,0.5617993,-0.74021584,1600.1476,1600.1476,955.38715,717.8533, , 
67401.28490975,1199,-0.3184577531692211,-0.09600198,3.856978020771177,-0.36814827,0.07248261,0.55841106,-0.73985827,1600.1476,1600.1476,955.3884,717.8541, , 
67401.301579,1200,-0.32434042913595884,-0.09659633,3.847472041714789,-0.3731497,0.077534914,0.5549283,-0.7394607,1600.1476,1600.1476,955.38995,717.85486, , 
67401.334917291,1201,-0.3316175841848366,-0.097647235,3.841647594586641,-0.382867,0.08699987,0.54811984,-0.7385178,1600.1476,1600.1476,955.3937,717.8557, , 
67401.3515865,1202,-0.33790552030402277,-0.098077714,3.8275214907906485,-0.38739997,0.09177081,0.5450216,-0.7378691,1600.1476,1600.1476,955.39484,717.85565, , 
67401.368255708,1203,-0.3494407887507688,-0.09844567,3.8246248841473625,-0.39174765,0.09659709,0.5421064,-0.7371047,1600.1476,1600.1476,955.39575,717.8551, , 
67401.384924958,1204,-0.3503583459805032,-0.099164814,3.8215980433320524,-0.3961965,0.10140834,0.53921735,-0.73619926,1600.1476,1600.1476,955.3965,717.85455, , 
67401.418263208,1205,-0.3611749505996372,-0.099961065,3.804894091672859,-0.40565765,0.11110008,0.53269786,-0.734392,1599.6957,1599.6957,955.3987,717.85333, , 
67401.4349325,1206,-0.3654845705522928,-0.100286916,3.8048468360944687,-0.4102998,0.11585154,0.5291982,-0.7336087,1599.6957,1599.6957,955.4004,717.853, , 
67401.451601666,1207,-0.3761844478631086,-0.100587726,3.800712456110573,-0.41471082,0.120564766,0.5256724,-0.73290354,1599.6957,1599.6957,955.4018,717.8533, , 
67401.468270916,1208,-0.3818325965971253,-0.10085967,3.7926968961071186,-0.4188956,0.12529488,0.52215576,-0.73224384,1600.1476,1600.1476,955.4031,717.8538, , 
67401.48494,1209,-0.3863914215700745,-0.101394325,3.789270479554998,-0.42295784,0.13004574,0.5188577,-0.7314242,1600.1476,1600.1476,955.4045,717.8544, , 
67401.518278416,1210,-0.39514721048537765,-0.102173015,3.777917894036127,-0.4310677,0.13975233,0.51269376,-0.7292427,1600.1476,1600.1476,955.4055,717.85364, , 
67401.534947708,1211,-0.40096770782619806,-0.10228127,3.7690509577892306,-0.43519813,0.14449239,0.509761,-0.72792053,1600.1476,1600.1476,955.4059,717.8519, , 
67401.55161675,1212,-0.41193464066987034,-0.102397405,3.7679943382903565,-0.43938014,0.14877488,0.5068251,-0.7265944,1600.1476,1600.1476,955.40656,717.8504, , 
67401.568285916,1213,-0.4119920051737369,-0.102591895,3.757928738212555,-0.44353402,0.15240945,0.5037339,-0.72546613,1600.1476,1600.1476,955.40784,717.84906, , 
67401.601624458,1214,-0.42818333774365297,-0.10357718,3.7498091053519573,-0.4505438,0.15873592,0.49788672,-0.72382456,1600.1476,1600.1476,955.4118,717.8483, , 
67401.618293708,1215,-0.4385896902311793,-0.10385354,3.7433391724194975,-0.45297977,0.16210972,0.4954943,-0.7231979,1600.1476,1600.1476,955.4124,717.8488, , 
67401.634962708,1216,-0.4478192910827183,-0.104028925,3.7422162112474107,-0.45504934,0.16532953,0.49326068,-0.7226964,1600.1476,1600.1476,955.4125,717.8495, , 
67401.651632,1217,-0.4517524255203268,-0.1041994,3.733698380396839,-0.45709512,0.16809753,0.49086085,-0.7224008,1600.1476,1600.1476,955.4133,717.851, , 
67401.684970416,1218,-0.47001276999609204,-0.104603365,3.725874561376745,-0.4613272,0.17292269,0.4859896,-0.72186494,1600.1476,1600.1476,955.416,717.8539, , 
67401.7016395,1219,-0.4688914436528276,-0.10484857,3.716824728658495,-0.4629117,0.17515376,0.48395744,-0.721678,1600.1476,1600.1476,955.4172,717.8557, , 
67401.718308666,1220,-0.47463977202241303,-0.10516715,3.7180206688796185,-0.46416232,0.17724279,0.48216823,-0.7215623,1600.1476,1600.1476,955.4177,717.8572, , 
67401.751647083,1221,-0.486595199134742,-0.10608657,3.713252940405865,-0.46668354,0.18074098,0.4787854,-0.7213208,1600.1476,1600.1476,955.4195,717.86, , 
67401.768316375,1222,-0.496031351425101,-0.10666095,3.699983766503273,-0.46794826,0.18218786,0.477185,-0.7211979,1599.6957,1599.6957,955.4204,717.86096, , 
67401.784985416,1223,-0.5079912355639584,-0.10721533,3.7067567287537337,-0.46918914,0.18372414,0.4758105,-0.7209101,1599.6957,1599.6957,955.4211,717.8619, , 
67401.818323875,1224,-0.515567545790973,-0.108372584,3.7024458286954296,-0.47103953,0.18726659,0.47338077,-0.7203913,1599.6957,1599.6957,955.4212,717.86414, , 
67401.834993083,1225,-0.5195048705012727,-0.10901005,3.694349808715345,-0.47195756,0.18868777,0.47203925,-0.7202999,1599.6957,1599.6957,955.4216,717.8652, , 
67401.851662125,1226,-0.5350729563143604,-0.109644175,3.695209707821925,-0.4731481,0.18971278,0.47061902,-0.7201789,1599.6957,1599.6957,955.423,717.8662, , 
67401.885000666,1227,-0.5404057065947772,-0.111515634,3.702550602706638,-0.47667137,0.19160521,0.46823123,-0.7189098,1599.6957,1599.6957,955.4249,717.8652, , 
67401.901669833,1228,-0.5419751007624414,-0.1120797,3.698242947714411,-0.47824714,0.19295076,0.46736935,-0.7180637,1599.6957,1599.6957,955.4252,717.8638, , 
67401.918338916,1229,-0.5498712335490501,-0.11256528,3.6969950131977596,-0.47967273,0.194522,0.46661258,-0.71718055,1599.6957,1599.6957,955.4248,717.8617, , 
67401.951677333,1230,-0.5686225747133035,-0.11345561,3.6941902198420946,-0.4830739,0.19734867,0.46497813,-0.7151842,1599.6957,1599.6957,955.4244,717.8577, , 
67401.968346541,1231,-0.5704809231571927,-0.11383697,3.687464298822027,-0.48517516,0.19836177,0.46401986,-0.71410304,1599.6957,1599.6957,955.42505,717.85425, , 
67401.985015791,1232,-0.5727488344349304,-0.114468955,3.6940023427889552,-0.4874085,0.19904731,0.4631374,-0.7129634,1599.6957,1599.6957,955.4258,717.8515, , 
67402.001684875,1233,-0.5709459621771931,-0.11514351,3.6900078086711434,-0.48923734,0.19945112,0.4620824,-0.7122822,1600.1476,1600.1476,955.42694,717.8497, , 
67402.035023375,1234,-0.5909018298730724,-0.11640574,3.6889037400393856,-0.49132422,0.1994642,0.45944896,-0.7125456,1600.1476,1600.1476,955.43134,717.85046, , 
67402.051692583,1235,-0.5988302153926609,-0.11694666,3.694025913552635,-0.4920542,0.19938467,0.45831218,-0.71279615,1600.1476,1600.1476,955.4333,717.85156, , 
67402.06836175,1236,-0.6018104226363223,-0.117323235,3.692015224835066,-0.49290597,0.19947176,0.45741057,-0.7127624,1600.1476,1600.1476,955.4353,717.8519, , 
67402.101700041,1237,-0.6086553819990242,-0.118446246,3.6982989252357013,-0.49467,0.19976962,0.45653006,-0.7120211,1600.1476,1600.1476,955.4367,717.85065, , 
67402.118369291,1238,-0.6135014281930937,-0.11868163,3.6914572612006946,-0.49469748,0.20013279,0.45639062,-0.71198934,1600.1476,1600.1476,955.4366,717.85077, , 
67402.135038458,1239,-0.6170306774833811,-0.11884527,3.6948713861535705,-0.49363184,0.20034108,0.45688054,-0.7123561,1600.1476,1600.1476,955.43567,717.8521, , 
67402.168376833,1240,-0.6342196848206821,-0.11908449,3.6918609654425727,-0.4891833,0.199951,0.45972735,-0.7137016,1600.1476,1600.1476,955.4308,717.8566, , 
67402.185046041,1241,-0.6412567025678071,-0.11914017,3.7041555282523615,-0.4870899,0.19918281,0.46118313,-0.7144087,1600.1476,1600.1476,955.42914,717.8587, , 
67402.201715291,1242,-0.6425153716403194,-0.119244754,3.695699936387354,-0.48524642,0.19818899,0.46231022,-0.7152107,1599.6957,1599.6957,955.4282,717.8605, , 
67402.2350535,1243,-0.6557885177021411,-0.11971283,3.6970436764919903,-0.48136884,0.19603793,0.46421027,-0.7171903,1599.6957,1599.6957,955.42706,717.8658, , 
67402.25172275,1244,-0.6599975318228715,-0.120150074,3.699592233285242,-0.47935563,0.19520092,0.46492586,-0.71830267,1599.6957,1599.6957,955.4266,717.8687, , 
67402.268392,1245,-0.6675373807708865,-0.12065343,3.702919974892473,-0.47782835,0.19465268,0.465357,-0.7191893,1599.6957,1599.6957,955.42633,717.8716, , 
67402.301730208,1246,-0.6845553019107602,-0.121642,3.7040537916818685,-0.477598,0.19388959,0.4659933,-0.7191364,1599.6957,1599.6957,955.42596,717.87213, , 
67402.3183995,1247,-0.6871275899825039,-0.12192491,3.706262490697921,-0.47851902,0.19331878,0.46621293,-0.7185352,1599.6957,1599.6957,955.42633,717.86975, , 
67402.335068666,1248,-0.6937494069951781,-0.12222646,3.7094162216987656,-0.47966444,0.19292837,0.46624777,-0.71785355,1599.6957,1599.6957,955.4268,717.867, , 
67402.368406958,1249,-0.7124007219273001,-0.12296315,3.711360761638972,-0.4821073,0.19323272,0.46568748,-0.7164976,1599.6957,1599.6957,955.42786,717.8617, , 
67402.38507625,1250,-0.7163668308257412,-0.1238888,3.7079100207748747,-0.48355168,0.1941375,0.46519136,-0.71560144,1599.6957,1599.6957,955.428,717.85956, , 
67402.4017455,1251,-0.7263228390667362,-0.12427321,3.7115333942836415,-0.48490548,0.19533123,0.46510792,-0.7144138,1599.6957,1599.6957,955.42706,717.8558, , 
67402.435083916,1252,-0.7418240845419181,-0.12439558,3.7234313498666816,-0.48729637,0.19792157,0.46579987,-0.7116177,1599.6957,1599.6957,955.424,717.84863, , 
67402.451752958,1253,-0.7506277757803927,-0.12430753,3.720153998960593,-0.4886272,0.19976676,0.46609178,-0.70999664,1599.6957,1599.6957,955.4212,717.8434, , 
67402.468422166,1254,-0.7556968067888289,-0.124185696,3.7267566712620748,-0.48990154,0.20199335,0.46627218,-0.70836806,1599.6957,1599.6957,955.419,717.8397, , 
67402.501760625,1255,-0.7666271618826767,-0.12449056,3.729135866298431,-0.4920188,0.20646337,0.46672752,-0.70530546,1600.1476,1600.1476,955.4133,717.8321, , 
67402.518429625,1256,-0.7828007266061435,-0.12427232,3.729306834548287,-0.49300084,0.20881777,0.46708235,-0.7036899,1600.1476,1600.1476,955.41064,717.82874, , 
67402.535098875,1257,-0.7953348885200057,-0.1240278,3.727266223818554,-0.4935926,0.211013,0.46749824,-0.70234275,1600.1476,1600.1476,955.40784,717.8258, , 
67402.568437375,1258,-0.8096551741004817,-0.12365324,3.7334092192942703,-0.4934093,0.21295542,0.46733022,-0.701997,1600.1476,1600.1476,955.40485,717.82544, , 
67402.585106541,1259,-0.8192082957328937,-0.12342857,3.7283461108711586,-0.49341452,0.21282727,0.46683493,-0.7023616,1600.1476,1600.1476,955.4055,717.8269, , 
67402.601775666,1260,-0.8249832181730418,-0.12317069,3.737420499788292,-0.4934259,0.21242876,0.46688256,-0.7024426,1600.1476,1600.1476,955.40625,717.82715, , 
67402.635114125,1261,-0.8428475634418804,-0.122457914,3.7347894894523366,-0.49242395,0.21196708,0.46928626,-0.70168304,1600.1476,1600.1476,955.40393,717.8239, , 
67402.651783333,1262,-0.8430861075890824,-0.122179374,3.7357796958587963,-0.4910898,0.21208586,0.47075716,-0.7015968,1600.1476,1600.1476,955.4017,717.823, , 
67402.668452375,1263,-0.8571938256033278,-0.12211061,3.7338460553771,-0.48947206,0.21205905,0.4717448,-0.7020719,1600.1476,1600.1476,955.39923,717.8242, , 
67402.70179075,1264,-0.8716078091658407,-0.12220869,3.7351075362908626,-0.48811445,0.21045071,0.47072378,-0.7041831,1600.1476,1600.1476,955.4009,717.8298, , 
67402.718459958,1265,-0.8879604316775307,-0.12218815,3.7370102588826555,-0.48894367,0.20910853,0.46923032,-0.70500404,1600.1476,1600.1476,955.40497,717.8326, , 
67402.73512925,1266,-0.8948782162052433,-0.122088894,3.7371685801722014,-0.49051344,0.20780633,0.46759248,-0.7053867,1600.1476,1600.1476,955.4087,717.8331, , 
67402.7684675,1267,-0.9039734986261617,-0.12179808,3.737549801072086,-0.49496892,0.20683293,0.4639977,-0.7049341,1599.6957,1599.6957,955.4163,717.83105, , 
67402.78513675,1268,-0.9231892826693708,-0.12153974,3.736807794913289,-0.49732068,0.20705536,0.4622224,-0.7043796,1599.6957,1599.6957,955.4189,717.82947, , 
67402.801806,1269,-0.9254139330394721,-0.12143411,3.740712566494727,-0.49946567,0.207217,0.46054506,-0.7039129,1599.6957,1599.6957,955.4212,717.82806, , 
67402.835144291,1270,-0.9453315930288826,-0.12151433,3.743508929743685,0.5027141,-0.20749502,-0.45693234,0.7038731,1600.1476,1600.1476,955.42725,717.8279, , 
67402.8518135,1271,-0.9432822324897373,-0.12167103,3.745403643890182,0.50361496,-0.20764486,-0.45523894,0.7042819,1600.1476,1600.1476,955.42957,717.82947, , 
67402.885152,1272,-0.965344489663836,-0.12299666,3.7402952698913547,0.5047017,-0.20803706,-0.4520239,0.70545816,1600.1476,1600.1476,955.43445,717.8344, , 
67402.901821,1273,-0.9686621413514204,-0.12348899,3.7368498331852273,0.5052816,-0.20807399,-0.45063695,0.70591927,1600.1476,1600.1476,955.4366,717.8363, , 
67402.91849025,1274,-0.9749195386156948,-0.12393456,3.738168958525819,0.50588727,-0.20779303,-0.4495206,0.70628,1599.6957,1599.6957,955.43854,717.8376, , 
67402.951828583,1275,-0.9926100214627429,-0.12491088,3.7396499081730665,0.5071722,-0.20625132,-0.44755432,0.7070586,1599.6957,1599.6957,955.4439,717.8393, , 
67402.968497708,1276,-0.9866686312039725,-0.12543485,3.7340591642578547,0.5077058,-0.20506148,-0.4467448,0.7075334,1599.6957,1599.6957,955.4465,717.83997, , 
67402.985166958,1277,-0.9960886122581762,-0.12626232,3.735436329529555,0.50805104,-0.20362994,-0.44614443,0.7080777,1599.6957,1599.6957,955.44995,717.8405, , 
67403.018505375,1278,-1.0012025155103867,-0.1274166,3.731569501714547,0.5084128,-0.19904694,-0.44572473,0.7093844,1600.1476,1600.1476,955.456,717.8408, , 
67403.035174666,1279,-1.014203530135198,-0.12789956,3.7297600683624483,0.508355,-0.19625911,-0.44584742,0.7101251,1600.1476,1600.1476,955.46014,717.84094, , 
67403.051843708,1280,-1.0224431145745372,-0.12830262,3.726557055223111,0.5080978,-0.19347465,-0.4463057,0.71078503,1600.1476,1600.1476,955.4628,717.8408, , 
67403.085182125,1281,-1.0239739123255787,-0.13070825,3.7290826217493733,0.50662166,-0.18778029,-0.4483419,0.7120832,1599.6957,1599.6957,955.4673,717.84, , 
67403.101851333,1282,-1.0289515730471321,-0.13126524,3.723372192028413,0.5054754,-0.1849126,-0.4495001,0.7129176,1599.6957,1599.6957,955.46875,717.8402, , 
67403.118520458,1283,-1.0261069589310183,-0.13164884,3.7215713696779957,0.503893,-0.18199101,-0.45075786,0.71399474,1599.6957,1599.6957,955.47003,717.8411, , 
67403.135189666,1284,-1.043449104359965,-0.13196021,3.7242024342089914,0.50185263,-0.17911051,-0.45225534,0.71521235,1599.6957,1599.6957,955.47107,717.8428, , 
67403.168528041,1285,-1.0551839191737473,-0.13261293,3.7232751970932387,-0.496961,0.17428066,0.45647293,-0.717139,1599.6957,1599.6957,955.4699,717.8459, , 
67403.18519725,1286,-1.0575038829481738,-0.13295624,3.721752603299251,-0.49407342,0.17225185,0.45929763,-0.7178207,1599.6957,1599.6957,955.4677,717.8465, , 
67403.201866375,1287,-1.0595962707525803,-0.13318476,3.7201202806703826,-0.4909012,0.16999754,0.46237406,-0.718559,1600.1476,1600.1476,955.464,717.847, , 
67403.235204791,1288,-1.0694450385526788,-0.13373953,3.7139329422157568,-0.48419708,0.16422054,0.4683442,-0.720582,1600.1476,1600.1476,955.45984,717.8489, , 
67403.251873958,1289,-1.0787956763723217,-0.13401183,3.713104954105531,-0.48075566,0.16079189,0.471402,-0.72166485,1600.1476,1600.1476,955.45795,717.8502, , 
67403.268543083,1290,-1.082592021781436,-0.13444729,3.7157099511706257,-0.47730187,0.1572657,0.47470334,-0.7225698,1600.1476,1600.1476,955.45624,717.85065, , 
67403.301881541,1291,-1.0902497357392202,-0.13454522,3.716112163208993,-0.46942618,0.15009592,0.48250365,-0.7240859,1599.6957,1599.6957,955.4501,717.85004, , 
67403.31855075,1292,-1.094120683527559,-0.13425367,3.700827810002737,-0.46453032,0.14602414,0.48669568,-0.72526944,1599.6957,1599.6957,955.44714,717.8507, , 
67403.335219791,1293,-1.1046869294899453,-0.13370681,3.7114960836768836,-0.45894352,0.14121342,0.49126646,-0.7266959,1599.6957,1599.6957,955.44434,717.8522, , 
67403.36855825,1294,-1.112759971767019,-0.131344,3.7073790606282384,-0.44830966,0.13102788,0.5017538,-0.728075,1600.1476,1600.1476,955.4366,717.8506, , 
67403.3852275,1295,-1.1257449885588011,-0.12975517,3.706997006365593,-0.4440183,0.12597583,0.5070787,-0.72790724,1600.1476,1600.1476,955.433,717.8468, , 
67403.401896625,1296,-1.1249813570666414,-0.12776119,3.7051111362219,-0.44036448,0.120519705,0.5119591,-0.7276345,1600.1476,1600.1476,955.4304,717.8424, , 
67403.435235,1297,-1.1301821363937594,-0.123066515,3.7057493762853135,-0.4350655,0.10891913,0.5199646,-0.7269741,1600.1476,1600.1476,955.42957,717.83203, , 
67403.451904208,1298,-1.1359899780940144,-0.12039686,3.7042550395331943,-0.43250945,0.10339515,0.5237735,-0.7265716,1600.1476,1600.1476,955.42993,717.82764, , 
67403.468573375,1299,-1.1410478384102092,-0.11755673,3.708849772491236,-0.4295263,0.09851343,0.5276401,-0.7262218,1600.1476,1600.1476,955.429,717.8224, , 
67403.501911666,1300,-1.1434756100758001,-0.111192495,3.7053811963845784,-0.4219606,0.09088248,0.5361013,-0.72545505,1600.1476,1600.1476,955.424,717.8156, , 
67403.518580916,1301,-1.1524485257695325,-0.10771827,3.7077053649665483,-0.41777325,0.08820713,0.54057133,-0.7248915,1599.6957,1599.6957,955.4186,717.811, , 
67403.535250083,1302,-1.1578670980608128,-0.10415028,3.7037318797379104,-0.4134015,0.08600845,0.5451029,-0.7242683,1599.6957,1599.6957,955.4137,717.80743, , 
67403.568588375,1303,-1.1593526271462251,-0.096941404,3.711453970547017,-0.4039871,0.08245029,0.5542782,-0.72302973,1600.1476,1600.1476,955.40295,717.8006, , 
67403.585257583,1304,-1.161830665661425,-0.093504034,3.709754008428038,-0.39924118,0.081437334,0.5588189,-0.7222853,1600.1476,1600.1476,955.3952,717.79626, , 
67403.601926791,1305,-1.1680410919012167,-0.08991897,3.7039989179542143,-0.39433533,0.08045097,0.5634896,-0.7214616,1600.1476,1600.1476,955.38904,717.79266, , 
67403.635265041,1306,-1.1653624967274028,-0.08253412,3.7083530174046913,-0.3850424,0.078304574,0.5725563,-0.7195762,1600.1476,1600.1476,955.3761,717.78314, , 
67403.651934375,1307,-1.1649813766388852,-0.078699075,3.7056047037266886,-0.3807706,0.07757299,0.5767654,-0.7185665,1600.1476,1600.1476,955.371,717.7789, , 
67403.68527275,1308,-1.1751471785215444,-0.07051471,3.7038442788136527,-0.37335193,0.07712667,0.5837135,-0.7168949,1600.1476,1600.1476,955.36053,717.77094, , 
67403.701941958,1309,-1.1775070263846144,-0.066578254,3.706541139606091,-0.37002325,0.076852255,0.5866274,-0.71627134,1600.1476,1600.1476,955.3568,717.7683, , 
67403.73528025,1310,-1.1777111204892554,-0.059213713,3.7086549578286814,-0.36356735,0.07648264,0.5918962,-0.7152818,1600.5995,1600.5995,955.34924,717.7633, , 
67403.7519495,1311,-1.1747453416372413,-0.05574765,3.7104567126995467,-0.36044648,0.076986454,0.5942306,-0.7148715,1600.1476,1600.1476,955.34576,717.7616, , 
67403.78528775,1312,-1.179631174173333,-0.048944764,3.7050957267382434,-0.35429084,0.07930817,0.5980184,-0.71453637,1600.1476,1600.1476,955.3379,717.76044, , 
67403.801957041,1313,-1.1804384408182145,-0.045993306,3.7072580883584316,-0.35128137,0.080869496,0.5995589,-0.7145562,1600.5995,1600.5995,955.3346,717.7608, , 
67403.818626125,1314,-1.1804390719659896,-0.04320265,3.705224525670364,-0.3484853,0.083130464,0.60091907,-0.71452343,1600.1476,1600.1476,955.33124,717.7612, , 
67403.851964666,1315,-1.1786636356245979,-0.03806788,3.7038121199403253,-0.3432072,0.08909836,0.60306287,-0.71455264,1600.5995,1600.5995,955.3231,717.7633, , 
67403.868633708,1316,-1.1780043738053758,-0.036296368,3.703578510885895,-0.341018,0.09246994,0.60388887,-0.7144748,1600.5995,1600.5995,955.31995,717.7644, , 
67403.901972166,1317,-1.1778525085357503,-0.03260354,3.6946926711567043,-0.33745262,0.09887289,0.60560155,-0.7138604,1600.1476,1600.1476,955.3136,717.76495, , 
67403.918641375,1318,-1.1734162924255336,-0.030648097,3.6967943620371324,-0.33562535,0.10212814,0.60640126,-0.7135846,1600.5995,1600.5995,955.3109,717.7652, , 
67403.951979666,1319,-1.1700695222345037,-0.027219579,3.7008854900828907,-0.33170623,0.10855982,0.6069573,-0.7139948,1600.1476,1600.1476,955.3058,717.7694, , 
67403.968648833,1320,-1.1775079194682774,-0.025960015,3.690765096679549,-0.3303721,0.11170027,0.60647476,-0.7145387,1600.5995,1600.5995,955.30426,717.7728, , 
67403.985318083,1321,-1.1717353811944273,-0.02469043,3.690726530361676,-0.32968378,0.114439584,0.6057816,-0.71501106,1600.5995,1600.5995,955.30334,717.7761, , 
67404.018656291,1322,-1.1734109181377208,-0.021588583,3.696970720562924,-0.32953027,0.120203584,0.60447556,-0.7152413,1600.5995,1600.5995,955.3016,717.7812, , 
67404.035325583,1323,-1.1648562413273396,-0.019764572,3.687493685328198,-0.32884395,0.123477474,0.60457164,-0.7149182,1600.5995,1600.5995,955.3003,717.7822, , 
67404.068664,1324,-1.1753327406340883,-0.015383095,3.6894989446639586,-0.32579598,0.13010363,0.60698724,-0.7130894,1600.5995,1600.5995,955.296,717.77985, , 
67404.085333041,1325,-1.17241720798647,-0.013369575,3.688715530279437,-0.32433704,0.13354269,0.60858667,-0.71175426,1600.5995,1600.5995,955.29407,717.7774, , 
67404.118671541,1326,-1.1696535772903933,-0.008268501,3.6859614590229914,-0.32289317,0.1387938,0.6110575,-0.7092848,1600.5995,1600.5995,955.2909,717.7713, , 
67404.135340708,1327,-1.1736510037277526,-0.005573906,3.689281516226236,-0.32265267,0.14103173,0.6122862,-0.7078919,1600.5995,1600.5995,955.28973,717.7681, , 
67404.168678916,1328,-1.1683939227860107,-0.0011257455,3.6884014497357516,-0.3227557,0.1457273,0.61483604,-0.70467645,1600.5995,1600.5995,955.2874,717.7589, , 
67404.185348166,1329,-1.1647414201140796,0.0005837083,3.68341491352461,-0.32301444,0.14783125,0.6159574,-0.70313877,1600.5995,1600.5995,955.2866,717.755, , 
67404.218686583,1330,-1.1702268900081207,0.0042040646,3.690145617607615,-0.32412773,0.15147613,0.61718786,-0.7007677,1600.5995,1600.5995,955.28546,717.748, , 
67404.235355708,1331,-1.1652572024238366,0.005874258,3.682259610969353,-0.32492924,0.15336268,0.61708367,-0.7000776,1600.1476,1600.1476,955.2851,717.74664, , 
67404.268694125,1332,-1.1599981145972391,0.008961655,3.6828592233249946,-0.32567364,0.15745713,0.6164505,-0.69938016,1600.5995,1600.5995,955.2846,717.7474, , 
67404.285363333,1333,-1.166900091975546,0.010570704,3.6835074854521843,-0.3255101,0.15963161,0.61655855,-0.69886804,1600.5995,1600.5995,955.2843,717.7474, , 
67404.318701625,1334,-1.16707457114455,0.014018953,3.6841230543839236,-0.32509872,0.1645373,0.6171145,-0.69742954,1600.5995,1600.5995,955.28345,717.7462, , 
67404.335370833,1335,-1.1716505653783416,0.015742615,3.680050288553115,-0.3249954,0.16700241,0.61721146,-0.6968057,1600.5995,1600.5995,955.283,717.7457, , 
67404.368709208,1336,-1.1636669223226321,0.019534547,3.6834599779103128,-0.32493937,0.17211276,0.61694425,-0.6958242,1601.0514,1601.0514,955.28253,717.7462, , 
67404.4020475,1337,-1.1671603215131645,0.023362337,3.6753387119881347,-0.32432047,0.17817439,0.6165872,-0.69490314,1600.5995,1600.5995,955.28204,717.7484, , 
67404.418716791,1338,-1.15984435795509,0.025091954,3.6800411724317743,-0.32378593,0.18161313,0.6166542,-0.6942023,1600.5995,1600.5995,955.2819,717.74896, , 
67404.452055125,1339,-1.1550654960477014,0.028486416,3.6784526398931656,-0.3222279,0.18725236,0.6169919,-0.6931283,1601.0514,1601.0514,955.28186,717.7504, , 
67404.46872425,1340,-1.1574470082233088,0.030233882,3.6791558129210524,-0.321245,0.18926665,0.61762583,-0.69247246,1601.0514,1601.0514,955.28186,717.7504, , 
67404.502062666,1341,-1.1598111538267288,0.034599103,3.6813373023691294,-0.31952184,0.19333564,0.6194188,-0.6905414,1600.5995,1600.5995,955.28186,717.7475, , 
67404.518731875,1342,-1.154815360931134,0.037043393,3.682457026357413,-0.3189568,0.19541653,0.6199931,-0.689701,1600.5995,1600.5995,955.2819,717.74634, , 
67404.552070166,1343,-1.157196270943509,0.042032085,3.6799565032351205,-0.31835043,0.19914143,0.6201392,-0.68878376,1601.0514,1601.0514,955.2823,717.7463, , 
67404.568739416,1344,-1.1584485388607602,0.044779845,3.682159445013333,-0.3180881,0.20115137,0.61990935,-0.68852776,1601.0514,1601.0514,955.28253,717.7472, , 
67404.60207775,1345,-1.154850930434635,0.05002084,3.677667877700653,-0.31726477,0.20569047,0.61991847,-0.6875577,1600.5995,1600.5995,955.2831,717.74896, , 
67404.618746875,1346,-1.1515824325829982,0.05247984,3.681175018095501,-0.31654176,0.20816651,0.620498,-0.6866224,1600.5995,1600.5995,955.28357,717.7484, , 
67404.652085291,1347,-1.1509446647851915,0.05717475,3.6853374908741343,-0.3148549,0.21369736,0.6222083,-0.6841467,1601.0514,1601.0514,955.2847,717.7453, , 
67404.668754541,1348,-1.146340421978642,0.06033904,3.680153941681244,-0.31429842,0.2166734,0.62309605,-0.6826569,1601.0514,1601.0514,955.28534,717.74365, , 
67404.70209275,1349,-1.1378882798159566,0.0657021,3.681002573037575,-0.3141878,0.22236149,0.6247719,-0.67933905,1600.5995,1600.5995,955.2868,717.73804, , 
67404.718762,1350,-1.1408964525123415,0.06780726,3.681892967337893,-0.31435508,0.22509542,0.62556165,-0.6776323,1601.0514,1601.0514,955.28754,717.73535, , 
67404.752100166,1351,-1.1374121550804135,0.07140128,3.6842514147626955,-0.31462666,0.23013222,0.6268824,-0.6745871,1601.0514,1601.0514,955.28906,717.7299, , 
67404.768769458,1352,-1.139932171166095,0.07315523,3.6825475730142445,-0.31462297,0.23240851,0.6275592,-0.6731776,1601.0514,1601.0514,955.28986,717.7279, , 
67404.802107875,1353,-1.1306676621842733,0.075979374,3.680258544273732,-0.31446555,0.23633927,0.62893856,-0.6705903,1600.5995,1600.5995,955.2915,717.72314, , 
67404.835446125,1354,-1.1308458879460512,0.0780048,3.6771212355169824,-0.31387335,0.2396727,0.6301156,-0.66857666,1601.0514,1601.0514,955.29297,717.7202, , 
67404.852115416,1355,-1.127622303555724,0.07885254,3.6804313628262073,-0.31368583,0.24107389,0.6305845,-0.6677183,1601.0514,1601.0514,955.29395,717.7186, , 
67404.88545375,1356,-1.130792798177371,0.08073904,3.670827199556166,-0.31364056,0.2436657,0.6317911,-0.665655,1601.0514,1601.0514,955.2951,717.71533, , 
67404.918792125,1357,-1.1252842439725113,0.08282194,3.6798457218575544,-0.31375742,0.24719411,0.63330066,-0.66285866,1601.0514,1601.0514,955.29706,717.7096, , 
67404.935461291,1358,-1.1319035440263676,0.08386451,3.6758791010308225,-0.3142339,0.24940209,0.6335493,-0.661567,1600.5995,1600.5995,955.298,717.7078, , 
67404.96879975,1359,-1.1243753071887654,0.08533204,3.6789447535669155,-0.3167262,0.25349423,0.63258207,-0.6597463,1601.0514,1601.0514,955.299,717.70654, , 
67404.985468791,1360,-1.1253474351165897,0.08587841,3.676323019999531,-0.31864378,0.2552023,0.6317544,-0.658957,1601.0514,1601.0514,955.29895,717.7062, , 
67405.01880725,1361,-1.124575666573353,0.087584205,3.6790945813968285,-0.323336,0.25906706,0.6297961,-0.65703493,1600.5995,1600.5995,955.2987,717.7048, , 
67405.035476416,1362,-1.1156539536769354,0.088358335,3.6722892744230946,-0.32577205,0.2613546,0.6286854,-0.6559886,1600.5995,1600.5995,955.2986,717.7043, , 
67405.06881475,1363,-1.124060032263184,0.08930574,3.666066638203521,-0.3308445,0.26610163,0.62638396,-0.6537393,1600.5995,1600.5995,955.29846,717.7032, , 
67405.102153166,1364,-1.119192376807398,0.0895255,3.6693838102478584,-0.337419,0.26962468,0.62291956,-0.65224385,1601.0514,1601.0514,955.2974,717.7027, , 
67405.118822375,1365,-1.1193528916084556,0.089324825,3.6664743872264505,-0.3415901,0.27050155,0.62016755,-0.6523322,1601.0514,1601.0514,955.296,717.7038, , 
67405.152160666,1366,-1.118369556462319,0.08802148,3.6646462887419227,-0.3514202,0.27164707,0.6131691,-0.6532499,1600.5995,1600.5995,955.2918,717.709, , 
67405.168829791,1367,-1.117932280535932,0.08626476,3.6674333828649663,-0.3572578,0.27251974,0.609025,-0.6535965,1601.0514,1601.0514,955.29,717.7113, , 
67405.202168083,1368,-1.1280126911757775,0.08218949,3.6584004603732683,-0.37072456,0.27469823,0.5989248,-0.6545176,1600.5995,1600.5995,955.28577,717.718, , 
67405.218837291,1369,-1.1262493127326358,0.07982026,3.6611529263345335,-0.37836048,0.27569795,0.59257674,-0.65550494,1600.5995,1600.5995,955.2842,717.7223, , 
67405.252175708,1370,-1.1304891793056888,0.07379369,3.657458704992075,-0.39502868,0.27691332,0.57710975,-0.65895045,1600.5995,1600.5995,955.2816,717.73706, , 
67405.268844916,1371,-1.1285363455021231,0.069568485,3.6560677152592307,-0.40350583,0.27717873,0.5686168,-0.6610823,1600.5995,1600.5995,955.2815,717.7445, , 
67405.30218325,1372,-1.1320126502587662,0.060218044,3.6423097155780404,-0.42024544,0.27784705,0.550673,-0.66554797,1600.5995,1600.5995,955.2843,717.7633, , 
67405.318852416,1373,-1.1380241343392463,0.055156104,3.6457549530911586,-0.4283368,0.27845836,0.5412095,-0.6678928,1600.1476,1600.1476,955.2869,717.7721, , 
67405.352190666,1374,-1.1420723936964343,0.04408046,3.6365596657881882,-0.44320637,0.28115848,0.52192926,-0.67238975,1600.5995,1600.5995,955.2958,717.7946, , 
67405.368859916,1375,-1.145330611173909,0.037757803,3.634583885845071,-0.44972458,0.28321216,0.5127136,-0.6742873,1600.1476,1600.1476,955.3003,717.8043, , 
67405.402198291,1376,-1.144056564907459,0.024869539,3.6249825848134494,-0.4615075,0.2892105,0.49415666,-0.67762625,1600.1476,1600.1476,955.31195,717.82776, , 
67405.418867541,1377,-1.1414064987373203,0.018432446,3.6218701942903673,-0.46687683,0.2925982,0.48447707,-0.6794809,1600.1476,1600.1476,955.3179,717.8391, , 
67405.452205875,1378,-1.1475360028207195,0.005676791,3.615966873041821,-0.4771217,0.299377,0.46512878,-0.6829227,1600.1476,1600.1476,955.3333,717.8653, , 
67405.468875,1379,-1.1519120759061918,-0.0012300983,3.613400418813749,-0.48231587,0.30276224,0.4553456,-0.68437326,1600.1476,1600.1476,955.34064,717.8759, , 
67405.502213291,1380,-1.153959909998581,-0.014978424,3.600361502470826,-0.49296835,0.3077611,0.4357848,-0.6872822,1600.1476,1600.1476,955.3604,717.89813, , 
67405.518882458,1381,-1.1540614410580667,-0.021809135,3.589567073240996,-0.49809802,0.30978227,0.42630315,-0.688621,1600.1476,1600.1476,955.36975,717.90643, , 
67405.552220916,1382,-1.156974278925611,-0.03563448,3.5865188703576263,0.50787926,-0.31506112,-0.40760544,0.6904004,1600.1476,1600.1476,955.39136,717.9246, , 
67405.568890166,1383,-1.146250242575302,-0.04290265,3.5742195450941163,0.5129233,-0.31796008,-0.39768672,0.6911268,1599.6957,1599.6957,955.4015,717.9324, , 
67405.585559166,1384,-1.1507090755685192,-0.05024898,3.5717524288661835,0.5181057,-0.32058612,-0.38707402,0.69207263,1600.1476,1600.1476,955.41296,717.9404, , 
67405.618897583,1385,-1.1512713479698509,-0.06499949,3.565949402277174,0.52841717,-0.32503805,-0.36417845,0.6946218,1600.1476,1600.1476,955.4456,717.96075, , 
67405.635566833,1386,-1.1429702868960288,-0.07237762,3.555667172493219,0.5334939,-0.32781363,-0.35208678,0.69567037,1599.6957,1599.6957,955.46124,717.96985, , 
67405.652235875,1387,-1.148194841453039,-0.079629295,3.554206231816179,0.53854865,-0.33115345,-0.3398077,0.6962998,1599.6957,1599.6957,955.48236,717.98145, , 
67405.668905083,1388,-1.1424991833886224,-0.08699552,3.5460037300296974,0.54363495,-0.33464226,-0.32745466,0.69659823,1599.6957,1599.6957,955.49866,717.9895, , 
67405.702243541,1389,-1.1428767324374527,-0.101087764,3.5325090327208324,0.55358136,-0.34086323,-0.30224884,0.697141,1599.6957,1599.6957,955.534,718.00433, , 
67405.718912791,1390,-1.1387279873325324,-0.10766457,3.530855489370499,0.5582613,-0.34451845,-0.2898396,0.6968819,1599.6957,1599.6957,955.55774,718.0131, , 
67405.735581791,1391,-1.1396852013992809,-0.113842435,3.5227960764509296,0.56260765,-0.34934768,-0.27802417,0.6957955,1599.6957,1599.6957,955.5734,718.01874, , 
67405.768920208,1392,-1.1354473082453629,-0.12506886,3.517181852058893,0.57027304,-0.361982,-0.25602898,0.6915251,1599.6957,1599.6957,955.6013,718.0296, , 
67405.785589416,1393,-1.1299240118338758,-0.13021374,3.510952820294589,0.57373893,-0.3688196,-0.24542186,0.6888858,1599.6957,1599.6957,955.61145,718.0335, , 
67405.802258458,1394,-1.1256839050137057,-0.135082,3.503715016197539,0.5770167,-0.37551308,-0.23488419,0.6862005,1599.6957,1599.6957,955.62164,718.03735, , 
67405.835596916,1395,-1.1173818091405494,-0.1439699,3.483085677293244,0.5838786,-0.38843593,-0.21410085,0.6799736,1599.6957,1599.6957,955.64453,718.0435, , 
67405.852266083,1396,-1.1162381207373961,-0.14799401,3.48513060902371,0.58786607,-0.39443648,-0.20357299,0.67630714,1599.6957,1599.6957,955.6542,718.04395, , 
67405.868935291,1397,-1.113500233240064,-0.15158261,3.473768516708308,0.59226906,-0.40014502,-0.1927796,0.6722628,1599.2438,1599.2438,955.6643,718.04297, , 
67405.902273583,1398,-1.1052590163262528,-0.15834716,3.4608352095889203,0.60151863,-0.41143942,-0.17051877,0.66318643,1599.6957,1599.6957,955.6879,718.0368, , 
67405.918942833,1399,-1.098666378927836,-0.16159159,3.453076763508706,0.6060671,-0.41715667,-0.15889798,0.6583421,1599.2438,1599.2438,955.69836,718.0334, , 
67405.952281041,1400,-1.0912490367145966,-0.16763619,3.4370643412920723,0.6143135,-0.4289847,-0.13508709,0.6483384,1601.9552,1601.9552,955.7238,718.02606, , 
67405.96895025,1401,-1.085432850072319,-0.17041144,3.432147588345604,0.61782956,-0.43526623,-0.123154126,0.6431664,1601.5033,1601.5033,955.73456,718.02356, , 
67405.9856195,1402,-1.0765207548050202,-0.17313777,3.427297536708693,0.62086153,-0.44180143,-0.11143535,0.6379063,1601.5033,1601.5033,955.7479,718.0208, , 
67406.002288666,1403,-1.070248462478034,-0.1756146,3.42242016350644,0.6234716,-0.44847676,-0.10004147,0.63256896,1601.5033,1601.5033,955.7571,718.0192, , 
67406.018957916,1404,-1.064258105268736,-0.17787147,3.4128415628171505,0.6257889,-0.45522416,-0.089108,0.62707174,1604.2147,1604.2147,955.76514,718.0176, , 
67406.052296208,1405,-1.0551916971163444,-0.18184406,3.3982434482479658,0.6297584,-0.46849757,-0.068462096,0.6158144,1603.7628,1603.7628,955.78033,718.0135, , 
67406.068965375,1406,-1.0502490795481667,-0.18373135,3.389946445373116,0.63145924,-0.47476783,-0.058667004,0.6102565,1603.7628,1603.7628,955.78625,718.0116, , 
67406.085634625,1407,-1.0381368589069266,-0.18543634,3.3837900064725956,0.6329613,-0.48074332,-0.049401525,0.60481846,1606.0223,1606.0223,955.7933,718.009, , 
67406.102303666,1408,-1.0319614272262665,-0.18691134,3.3833017662515648,0.63423115,-0.4864434,-0.04070176,0.5995557,1606.0223,1606.0223,955.7979,718.0072, , 
67406.135642041,1409,-1.0205185601030982,-0.18936084,3.368599123399483,0.6361532,-0.49701962,-0.024855029,0.5896293,1606.0223,1606.0223,955.80664,718.0036, , 
67406.152311333,1410,-1.0125074311650843,-0.19039123,3.361400591174091,0.63693064,-0.5017746,-0.017392227,0.58501196,1608.2819,1608.2819,955.81036,718.0022, , 
67406.168980291,1411,-1.003812344999327,-0.19116192,3.349998611482525,0.637684,-0.5061308,-0.010034106,0.58059454,1608.2819,1608.2819,955.81464,718.0007, , 
67406.1856495,1412,-1.000456438221189,-0.19182539,3.343849274053012,0.63848346,-0.51013607,-0.002744405,0.5762747,1608.2819,1608.2819,955.81915,717.99884, , 
67406.218987958,1413,-0.9869138741973016,-0.19287065,3.33975813401355,0.6400908,-0.5176399,0.011210299,0.5676328,1610.5414,1610.5414,955.8293,717.9934, , 
67406.235657166,1414,-0.9854494341812783,-0.19313878,3.334063501030817,0.6409209,-0.5212959,0.017703392,0.5631674,1610.5414,1610.5414,955.83234,717.99066, , 
67406.252326166,1415,-0.9776803700062008,-0.19323483,3.3299682724916058,0.64179844,-0.5248736,0.023981875,0.55859417,1610.0895,1610.0895,955.83545,717.98645, , 
67406.285664583,1416,-0.9683305609235363,-0.19283535,3.315430771524643,0.6436787,-0.53194326,0.03616907,0.54900444,1612.349,1612.349,955.83856,717.9791, , 
67406.302333833,1417,-0.9645536258822537,-0.19237089,3.30666930986484,0.6447179,-0.5353823,0.04219519,0.5439893,1612.349,1612.349,955.8397,717.97345, , 
67406.319003083,1418,-0.9535871231040214,-0.19186659,3.297663946409695,0.6456729,-0.5387349,0.04820521,0.5390245,1612.349,1612.349,955.8407,717.96906, , 
67406.335672125,1419,-0.958224111698894,-0.19133282,3.2941583874753833,0.6463717,-0.5421074,0.053998068,0.5342353,1612.349,1612.349,955.8416,717.9652, , 
67406.369010541,1420,-0.93953611786157,-0.18949232,3.277591579425263,0.6467742,-0.54917365,0.06358274,0.5254035,1614.6085,1614.6085,955.8411,717.9596, , 
67406.38567975,1421,-0.9318955241959438,-0.1882204,3.2788174058774633,0.6467011,-0.5527971,0.06700215,0.5212521,1614.6085,1614.6085,955.83856,717.95844, , 
67406.402348791,1422,-0.9281236282198996,-0.18722266,3.273021698823013,0.64654154,-0.55638933,0.06961675,0.5172702,1614.6085,1614.6085,955.8331,717.9574, , 
67406.43568725,1423,-0.9246951034060765,-0.18532789,3.2627853873843122,0.64577216,-0.56325996,0.07311303,0.5102657,1617.7719,1617.7719,955.823,717.9577, , 
67406.452356333,1424,-0.9149611007562224,-0.18434927,3.2466121327740525,0.64514494,-0.566577,0.07417681,0.50722414,1617.7719,1617.7719,955.8177,717.95874, , 
67406.4690255,1425,-0.9169826544284653,-0.18330444,3.241012980292234,0.6444408,-0.56990856,0.074852124,0.50427914,1617.7719,1617.7719,955.81,717.96075, , 
67406.502363958,1426,-0.9070632964867597,-0.18012178,3.2326249240119034,0.6430324,-0.5767158,0.07488025,0.49829835,1610.0895,1610.0895,955.7959,717.9642, , 
67406.519033083,1427,-0.8967154309585021,-0.1785864,3.2245470557831095,0.6425354,-0.57993895,0.07428405,0.49527866,1609.6376,1609.6376,955.78485,717.96606, , 
67406.535702291,1428,-0.8973618843831954,-0.17697364,3.210338149874311,0.6422637,-0.58290946,0.0732546,0.49228808,1610.0895,1610.0895,955.77594,717.9668, , 
67406.569040541,1429,-0.8888617824474442,-0.17354625,3.1993594101361293,0.64213043,-0.58790517,0.070295826,0.48692346,1610.0895,1610.0895,955.7545,717.96735, , 
67406.58570975,1430,-0.8952049081580082,-0.1714708,3.1952255470248954,0.6422771,-0.58976394,0.06854433,0.48472697,1610.0895,1610.0895,955.74615,717.96716, , 
67406.602379,1431,-0.8969455655454823,-0.16956839,3.1865163302542663,0.64278835,-0.5911211,0.06676024,0.48264074,1610.0895,1610.0895,955.7379,717.96606, , 
67406.63571725,1432,-0.8907969853975954,-0.1658565,3.1737226289339278,0.64508194,-0.59232694,0.06312459,0.47857425,1610.0895,1610.0895,955.71954,717.95886, , 
67406.652386458,1433,-0.8840437658267064,-0.16403326,3.1651035067548725,0.64679855,-0.59220177,0.061435368,0.47662812,1610.0895,1610.0895,955.712,717.95386, , 
67406.669055708,1434,-0.8847732602236625,-0.16229787,3.155631979031855,0.6486695,-0.5915708,0.060035862,0.47504482,1610.0895,1610.0895,955.70557,717.9482, , 
67406.702393916,1435,-0.8882261875743276,-0.16063476,3.1449558381523923,0.6521892,-0.588899,0.058665905,0.47371432,1610.0895,1610.0895,955.69794,717.9354, , 
67406.719063166,1436,-0.8926665075043095,-0.15938413,3.1358591172846837,0.65372163,-0.5871374,0.058433015,0.47381774,1610.0895,1610.0895,955.6978,717.93066, , 
67406.735732375,1437,-0.8932947368074212,-0.15801427,3.131819200397681,0.65530324,-0.58529,0.058004133,0.47397116,1610.0895,1610.0895,955.69794,717.92426, , 
67406.752401625,1438,-0.8945262664563927,-0.15656112,3.116485614890728,0.65688986,-0.5835293,0.05711647,0.47405368,1610.0895,1610.0895,955.69696,717.9194, , 
67406.785739875,1439,-0.8929083895545504,-0.1553497,3.1092562080682287,0.65934914,-0.58031213,0.054015398,0.47495145,1610.0895,1610.0895,955.69324,717.9109, , 
67406.802409083,1440,-0.9035379031236116,-0.15424532,3.1012025479505327,0.65992206,-0.57871544,0.05198838,0.47632805,1610.0895,1610.0895,955.6922,717.9093, , 
67406.819078291,1441,-0.9004305637771955,-0.1530529,3.0955892763001724,0.66014963,-0.5769873,0.049845573,0.4783342,1610.0895,1610.0895,955.6923,717.9089, , 
67406.8524165,1442,-0.9103183307338328,-0.15035583,3.084421456978582,0.66078496,-0.57304305,0.04469175,0.48268783,1608.7338,1608.7338,955.69257,717.90845, , 
67406.86908575,1443,-0.9078792095277557,-0.14876261,3.0792098588576584,0.66165936,-0.57091916,0.041354313,0.48430163,1608.7338,1608.7338,955.6906,717.90656, , 
67406.885754916,1444,-0.9230356662918096,-0.14949578,3.068027870320578,0.6628822,-0.56870216,0.037574794,0.48554423,1608.7338,1608.7338,955.6856,717.9026, , 
67406.91909325,1445,-0.9291072688962052,-0.14756483,3.068563692307543,0.6649557,-0.56456214,0.029639376,0.48808303,1606.4742,1606.4742,955.67676,717.89667, , 
67406.935762375,1446,-0.9298546297608715,-0.14647412,3.061748755160554,0.6656167,-0.56243175,0.025934737,0.4898494,1606.4742,1606.4742,955.67365,717.8947, , 
67406.952431625,1447,-0.9361017984535471,-0.14551736,3.0567383141118265,0.66609657,-0.5602022,0.02229508,0.49192664,1606.4742,1606.4742,955.6707,717.8929, , 
67406.985770083,1448,-0.9478131022567363,-0.14585885,3.0477190083173022,0.6667437,-0.5554529,0.014553236,0.4967022,1604.6666,1604.6666,955.6671,717.8911, , 
67407.002439083,1449,-0.9518487745938871,-0.14550951,3.0458566719263085,0.66697574,-0.55296993,0.010338363,0.49926022,1604.6666,1604.6666,955.6643,717.89026, , 
67407.019108208,1450,-0.9576469998244188,-0.14514944,3.0396486962327796,0.6669939,-0.5503942,0.0060134665,0.50214446,1604.6666,1604.6666,955.6626,717.8901, , 
67407.052446666,1451,-0.9610883812399555,-0.14469366,3.02372363319238,0.66621923,-0.54520786,-0.002479444,0.5088164,1602.4071,1602.4071,955.6607,717.8927, , 
67407.06911575,1452,-0.96759912662953,-0.14448832,3.022485533175178,0.6656993,-0.54248416,-0.006508884,0.5123603,1602.4071,1602.4071,955.6608,717.89435, , 
67407.085784916,1453,-0.9824885459294723,-0.1452968,3.017155771181999,0.6652099,-0.53953016,-0.010423871,0.5160371,1602.4071,1602.4071,955.6612,717.8955, , 
67407.119123291,1454,-0.9860068455217224,-0.14457342,3.0074959790272513,0.6654611,-0.5332742,-0.018626845,0.5219513,1600.1476,1600.1476,955.66003,717.8946, , 
67407.135792666,1455,-0.9977452761760153,-0.1437078,3.003296101747404,0.66599596,-0.5302729,-0.022986075,0.5241485,1600.1476,1600.1476,955.6579,717.89246, , 
67407.152461625,1456,-1.004362285835079,-0.14266062,3.0027405814973114,0.66658163,-0.5275202,-0.027596053,0.5259561,1600.1476,1600.1476,955.6535,717.889, , 
67407.185800041,1457,-1.0187588738206717,-0.14046612,2.989678304718969,0.6672269,-0.5230154,-0.03780622,0.5289932,1597.4362,1597.4362,955.6435,717.8842, , 
67407.202469291,1458,-1.0228473108970466,-0.13930377,2.9868250308467963,0.66711795,-0.5215604,-0.043411706,0.5301357,1597.4362,1597.4362,955.6368,717.8827, , 
67407.219138291,1459,-1.0306176515563517,-0.1379964,2.982552789973719,0.6667588,-0.52065283,-0.049462255,0.530949,1597.4362,1597.4362,955.62573,717.8815, , 
67407.235807541,1460,-1.0417866313550017,-0.1366364,2.9820023808464198,0.6660735,-0.5201203,-0.056062102,0.5316746,1597.8881,1597.8881,955.6161,717.8812, , 
67407.269145958,1461,-1.0556476807741881,-0.13389857,2.9765972128849034,0.6641087,-0.51950794,-0.069745034,0.5331104,1595.1766,1595.1766,955.5922,717.8821, , 
67407.285815125,1462,-1.068611567084441,-0.1337609,2.967872375988695,0.6630902,-0.51907206,-0.07669696,0.5338474,1595.6285,1595.6285,955.5819,717.8822, , 
67407.302484208,1463,-1.0680064973230905,-0.13306306,2.967550031177594,0.66219664,-0.51856124,-0.083816215,0.53438246,1595.6285,1595.6285,955.5714,717.8818, , 
67407.335822583,1464,-1.0940595739790637,-0.13054523,2.9574390704377347,0.6606632,-0.5174681,-0.098301545,0.53487176,1592.9171,1592.9171,955.5466,717.8788, , 
67407.35249175,1465,-1.10341462508855,-0.12917742,2.959648534469637,0.6602013,-0.5166562,-0.10534593,0.5348857,1593.369,1593.369,955.5363,717.87646, , 
67407.369160916,1466,-1.1123899856842752,-0.12777717,2.945071551485765,0.6601204,-0.5154958,-0.11196687,0.53476024,1593.369,1593.369,955.5267,717.87317, , 
67407.385830083,1467,-1.1200351769818704,-0.1272797,2.947368995691744,0.6605115,-0.51391643,-0.11808503,0.5344814,1590.6576,1590.6576,955.51514,717.86676, , 
67407.419168458,1468,-1.1385226609415866,-0.12512693,2.9425173640399978,0.6623206,-0.51032764,-0.12854476,0.5332666,1591.1095,1591.1095,955.50085,717.854, , 
67407.435837708,1469,-1.1520193481505834,-0.1237713,2.933810002132384,0.6634015,-0.5085669,-0.13332222,0.53243154,1591.1095,1591.1095,955.4924,717.8449, , 
67407.452506791,1470,-1.1610971357868243,-0.122388124,2.9273247906159017,0.6644771,-0.50671494,-0.1379911,0.5316658,1587.4941,1587.4941,955.48645,717.838, , 
67407.485845166,1471,-1.1833911702240762,-0.121499225,2.9184919507403175,0.66646147,-0.50288093,-0.14702864,0.5303985,1587.0424,1587.0424,955.474,717.82214, , 
67407.502514375,1472,-1.188659061125015,-0.12068948,2.91801623609746,0.6673344,-0.5012614,-0.15170342,0.52951664,1587.0424,1587.0424,955.46844,717.81555, , 
67407.519183458,1473,-1.2016164778098797,-0.11941072,2.910033578021824,0.6680635,-0.49993917,-0.1565263,0.5284425,1607.378,1607.378,955.4624,717.809, , 
67407.535852666,1474,-1.216986143822816,-0.11801189,2.9099542142077075,0.6684738,-0.4987866,-0.16109408,0.5276395,1607.378,1607.378,955.4546,717.8015, , 
67407.569191,1475,-1.2269011950156632,-0.11696969,2.8957431898336625,0.6681699,-0.4964209,-0.16793963,0.52812064,1607.378,1607.378,955.4474,717.79553, , 
67407.585860083,1476,-1.240032269979113,-0.11658792,2.8879705568082876,0.66769177,-0.49491507,-0.1703007,0.52938116,1607.378,1607.378,955.44586,717.7946, , 
67407.602529291,1477,-1.244712740778917,-0.11558712,2.882531530309146,0.66735643,-0.49314517,-0.17217356,0.53084785,1607.378,1607.378,955.446,717.7942, , 
67407.619198458,1478,-1.2615968207276336,-0.11431378,2.879661475528953,0.6673153,-0.49120423,-0.17368115,0.53220624,1607.378,1607.378,955.44666,717.79333, , 
67407.652536916,1479,-1.2789749915580495,-0.11141958,2.8707354768220585,0.668074,-0.48757076,-0.17583683,0.533885,1607.378,1607.378,955.4488,717.7888, , 
67407.669205958,1480,-1.2864591951322901,-0.109970115,2.8603025606367902,0.66857666,-0.4861581,-0.17674355,0.5342445,1607.378,1607.378,955.4492,717.7865, , 
67407.685875166,1481,-1.2981810046965438,-0.11003795,2.85363041056743,0.66912854,-0.485079,-0.1775334,0.5342727,1607.378,1607.378,955.44946,717.784, , 
67407.702544375,1482,-1.3030229578790038,-0.10952515,2.8484846116541807,0.6696199,-0.48423073,-0.17828712,0.5341756,1607.378,1607.378,955.4491,717.7808, , 
67407.719213541,1483,-1.3060447258972683,-0.10864991,2.848431871051396,0.66996104,-0.48347622,-0.1789584,0.53420675,1607.378,1607.378,955.44904,717.77893, , 
67407.752551875,1484,-1.3232153570749687,-0.10701673,2.8424369954169997,0.67023665,-0.4818508,-0.17910531,0.5352793,1607.378,1607.378,955.45087,717.77747, , 
67407.769221,1485,-1.340183572410088,-0.10634319,2.830378776032083,0.6702961,-0.4807032,-0.17881164,0.5363337,1607.378,1607.378,955.45294,717.77765, , 
67407.78589025,1486,-1.3361905564684893,-0.10669713,2.82875959082298,0.6703991,-0.47912678,-0.17839812,0.5377514,1607.378,1607.378,955.45575,717.7779, , 
67407.802559458,1487,-1.3462447656180023,-0.106699646,2.820529410654471,0.6705485,-0.477102,-0.17778541,0.5395653,1607.378,1607.378,955.4609,717.77826, , 
67407.819228458,1488,-1.3521680103309142,-0.106496446,2.8196759268222302,0.6707291,-0.47476867,-0.177135,0.541609,1607.378,1607.378,955.4654,717.7786, , 
67407.852566875,1489,-1.3686043491268574,-0.1058448,2.8035881676500543,0.67104214,-0.47077593,-0.17655629,0.5448856,1606.9261,1606.9261,955.4733,717.7785, , 
67407.869236083,1490,-1.3748914355422486,-0.105503775,2.8057274885062546,0.6706382,-0.46954268,-0.17728674,0.5462082,1607.378,1607.378,955.47577,717.7791, , 
67407.885905083,1491,-1.381899749886559,-0.105529696,2.7962307923929175,0.66965324,-0.46877334,-0.17881885,0.54757625,1606.9261,1606.9261,955.4759,717.7807, , 
67407.902574291,1492,-1.3883483859248955,-0.10552034,2.793748207663637,0.66835535,-0.46823964,-0.1805364,0.5490532,1606.9261,1606.9261,955.4753,717.7832, , 
67407.935912708,1493,-1.4043817804487375,-0.105541885,2.7896363787865184,0.6662512,-0.46707535,-0.18341172,0.55164313,1606.4742,1606.4742,955.4741,717.78864, , 
67407.952582,1494,-1.4045880662062042,-0.105606064,2.7841137181156883,0.6655615,-0.46622673,-0.1845427,0.5528151,1604.6666,1604.6666,955.47424,717.79004, , 
67407.969250958,1495,-1.4124160324767823,-0.1072081,2.7810742692096344,0.6649223,-0.46519628,-0.1856187,0.5540906,1604.6666,1604.6666,955.4749,717.7915, , 
67407.985920208,1496,-1.4180108501660877,-0.10801664,2.779010636373381,0.6643913,-0.4639538,-0.18640983,0.55550206,1605.1185,1605.1185,955.47595,717.79254, , 
67408.019258666,1497,-1.4310588974124994,-0.10934889,2.7699054993694068,0.66372347,-0.4606048,-0.18713316,0.55883414,1602.4071,1602.4071,955.4812,717.7948, , 
67408.035927708,1498,-1.4396367207854817,-0.11004171,2.769648793270524,0.66372633,-0.45850107,-0.1873218,0.560495,1602.4071,1602.4071,955.4844,717.7949, , 
67408.052596916,1499,-1.445530184351184,-0.11075787,2.763300581446203,0.6638943,-0.45628616,-0.18769237,0.5619777,1602.4071,1602.4071,955.48737,717.79443, , 
67408.069266125,1500,-1.4539259618533986,-0.11289546,2.7557043381819697,0.6640595,-0.45432383,-0.18834828,0.5631515,1602.4071,1602.4071,955.49054,717.793, , 
67408.102604541,1501,-1.4609179115823534,-0.11507928,2.749843561650115,0.66437715,-0.45115775,-0.1895293,0.5649234,1600.1476,1600.1476,955.4938,717.7909, , 
67408.1192735,1502,-1.4671019661857878,-0.1159527,2.743758937093612,0.66426146,-0.44989997,-0.19008449,0.56587523,1600.1476,1600.1476,955.49506,717.79047, , 
67408.13594275,1503,-1.4749640855642698,-0.11680572,2.7393201135504244,0.6638723,-0.44878185,-0.19068968,0.567015,1600.1476,1600.1476,955.4967,717.7912, , 
67408.152611833,1504,-1.4856981117676222,-0.11759086,2.7408624512839532,0.6633147,-0.44787994,-0.19151904,0.56810004,1597.8881,1597.8881,955.4975,717.7923, , 
67408.185950166,1505,-1.485717224051255,-0.1213139,2.725189134121209,0.662355,-0.44693348,-0.19417918,0.5690612,1597.8881,1597.8881,955.496,717.7932, , 
67408.202619375,1506,-1.4962332705987789,-0.1219981,2.7262790354693403,0.66189426,-0.44663697,-0.19570829,0.5693063,1597.8881,1597.8881,955.4943,717.793, , 
67408.219288583,1507,-1.5020129095561394,-0.1225395,2.721595013846135,0.66132617,-0.4464385,-0.19714908,0.5696249,1595.6285,1595.6285,955.49274,717.7933, , 
67408.235957791,1508,-1.5092602352084903,-0.12301564,2.7196878512218783,0.66070217,-0.44636032,-0.19850706,0.5699386,1595.6285,1595.6285,955.4906,717.794, , 
67408.269296083,1509,-1.5196173810711755,-0.12596433,2.7020446545994083,0.65946156,-0.44680572,-0.20136936,0.5700222,1595.6285,1595.6285,955.4868,717.79504, , 
67408.285965291,1510,-1.5244481774166756,-0.12689991,2.697655895914359,0.6587537,-0.44738784,-0.20343366,0.5696511,1593.369,1593.369,955.48224,717.79517, , 
67408.3026345,1511,-1.532755588839771,-0.1272015,2.6920744448751637,0.65799516,-0.44835994,-0.20577477,0.56892216,1593.369,1593.369,955.47784,717.7949, , 
67408.319303708,1512,-1.537720754426607,-0.12723395,2.684047335273368,0.6570341,-0.44951126,-0.2083113,0.5682008,1592.9171,1592.9171,955.4727,717.7949, , 
67408.352641916,1513,-1.5436556930513972,-0.12700996,2.677590389788143,0.65462106,-0.4511545,-0.21212658,0.56827205,1591.1095,1591.1095,955.46387,717.7981, , 
67408.369311166,1514,-1.5534238560465234,-0.12669717,2.6715397261177256,0.6536292,-0.4516492,-0.2131002,0.56865644,1591.1095,1591.1095,955.4623,717.80035, , 
67408.385980333,1515,-1.556238513076313,-0.12617901,2.6543807331228355,0.65290934,-0.45225456,-0.21412742,0.56861645,1591.1095,1591.1095,955.4601,717.80225, , 
67408.4026495,1516,-1.5702262105711742,-0.12543043,2.654817348105275,0.6523048,-0.45317265,-0.21527411,0.5681461,1591.1095,1591.1095,955.4577,717.803, , 
67408.435987833,1517,-1.5865630485948232,-0.12326161,2.6474823139591157,0.6510394,-0.45635316,-0.21865527,0.5657555,1587.0424,1587.0424,955.44946,717.8029, , 
67408.452657041,1518,-1.5910702235772234,-0.121900365,2.634822841663677,0.65008736,-0.45844316,-0.22083807,0.5643109,1586.5905,1586.5905,955.44214,717.8031, , 
67408.469326208,1519,-1.6002502735388942,-0.12087506,2.6308393422026555,0.64870644,-0.46047693,-0.22315246,0.5633329,1586.5905,1586.5905,955.4368,717.80426, , 
67408.502664458,1520,-1.6011424544942736,-0.118425876,2.62101221074184,0.64497596,-0.46284777,-0.22588058,0.5645847,1600.5995,1600.5995,955.43066,717.81335, , 
67408.519333708,1521,-1.6068984013564258,-0.117233075,2.6146453993089507,0.6433591,-0.46310052,-0.22616285,0.56610703,1600.5995,1600.5995,955.43085,717.81824, , 
67408.536002875,1522,-1.6163707717878186,-0.11602204,2.608047810927103,0.6422669,-0.4628919,-0.22626936,0.5674737,1600.5995,1600.5995,955.43195,717.82214, , 
67408.569341083,1523,-1.6274039359787251,-0.113706686,2.596690010235856,0.6414633,-0.46188846,-0.22679661,0.5689879,1600.5995,1600.5995,955.43353,717.82544, , 
67408.586010291,1524,-1.6329374582075722,-0.11344369,2.597534900482602,0.6414409,-0.4611964,-0.22723268,0.5694003,1600.5995,1600.5995,955.4339,717.8253, , 
67408.619348708,1525,-1.6459158487141112,-0.112548225,2.574842093664071,0.6419057,-0.4589053,-0.22730525,0.5706971,1600.1476,1600.1476,955.4366,717.82385, , 
67408.636017791,1526,-1.6493013708286188,-0.11238702,2.575263247025318,0.6421861,-0.45734766,-0.2268657,0.571806,1600.1476,1600.1476,955.439,717.8235, , 
67408.652687,1527,-1.6604806401086183,-0.11242278,2.5684782870977485,0.6423276,-0.45578265,-0.226488,0.5730451,1600.1476,1600.1476,955.4417,717.82355, , 
67408.686025416,1528,-1.670476402732523,-0.11297279,2.5636396069054674,0.64249325,-0.45324188,-0.2274025,0.57451046,1600.1476,1600.1476,955.44543,717.8229, , 
67408.702694583,1529,-1.675295790410854,-0.113178626,2.5575036762563244,0.64266086,-0.4523288,-0.22854191,0.5745906,1600.1476,1600.1476,955.44495,717.82104, , 
67408.719363666,1530,-1.6857168714616644,-0.11341713,2.556297934124373,0.64268553,-0.45136556,-0.22945547,0.5749562,1600.1476,1600.1476,955.44446,717.81934, , 
67408.752702041,1531,-1.695690915201302,-0.11426269,2.5469328603109394,0.6427654,-0.4481713,-0.22918023,0.57747,1600.1476,1600.1476,955.4484,717.81946, , 
67408.769371208,1532,-1.6980695294834074,-0.11460313,2.5496718643331713,0.6432083,-0.44604787,-0.22812794,0.5790354,1600.5995,1600.5995,955.454,717.81976, , 
67408.78604025,1533,-1.7046759488687286,-0.11504166,2.5350505548223534,0.6438538,-0.4441001,-0.22691178,0.58029157,1600.5995,1600.5995,955.4583,717.81964, , 
67408.81937875,1534,-1.7254495975541948,-0.11588869,2.5311299524408026,0.64508057,-0.44099694,-0.22515495,0.58197767,1600.1476,1600.1476,955.4662,717.8179, , 
67408.836047916,1535,-1.7214655208009415,-0.11638013,2.5322910525764355,0.6450818,-0.43977964,-0.22484007,0.58301824,1600.1476,1600.1476,955.46857,717.8181, , 
67408.852717125,1536,-1.7294571226013278,-0.1169884,2.5256405243162305,0.6445359,-0.43861198,-0.22482772,0.5845044,1605.1185,1605.1185,955.47076,717.81964, , 
67408.869386166,1537,-1.7346969641545489,-0.1177107,2.524497383243723,0.6435518,-0.43736398,-0.22494598,0.5864751,1605.1185,1605.1185,955.4739,717.82336, , 
67408.902724541,1538,-1.751948350646644,-0.11845046,2.5123226464306945,0.64104164,-0.4349546,-0.22562791,0.59073853,1605.1185,1605.1185,955.4785,717.8307, , 
67408.91939375,1539,-1.7571510155176016,-0.11907256,2.5168932136009476,0.6400024,-0.4337826,-0.22623892,0.5924909,1602.859,1602.859,955.4803,717.8337, , 
67408.93606275,1540,-1.7700820799808192,-0.11967234,2.5125754271754124,0.6392909,-0.43252972,-0.22704825,0.5938639,1602.859,1602.859,955.48193,717.836, , 
67408.969401166,1541,-1.7819400400092311,-0.12145727,2.511167214152204,0.63866764,-0.42992866,-0.22879311,0.5957506,1603.3109,1603.3109,955.4834,717.8363, , 
67408.986070375,1542,-1.7923562969136337,-0.12227832,2.5052368800332547,0.63835293,-0.42865613,-0.22974715,0.59663707,1601.0514,1601.0514,955.48425,717.83594, , 
67409.002739375,1543,-1.7988340255389625,-0.12297678,2.505157212780874,0.6378185,-0.42737237,-0.23086059,0.5976987,1601.0514,1601.0514,955.4847,717.8363, , 
67409.036077833,1544,-1.8104561459380124,-0.12407422,2.50233468006136,0.63684654,-0.42528266,-0.23288564,0.5994375,1601.0514,1601.0514,955.4854,717.8373, , 
67409.052747083,1545,-1.8175092343500725,-0.12439699,2.509227179415893,0.63650614,-0.42479154,-0.23396541,0.5997268,1598.7919,1598.7919,955.4848,717.83716, , 
67409.086085208,1546,-1.838413449717836,-0.12550567,2.4981935584365993,0.63551927,-0.42557552,-0.23691095,0.59906095,1598.34,1598.34,955.479,717.83636, , 
67409.1027545,1547,-1.847893260060648,-0.1257525,2.5043423517539805,0.6348883,-0.42662442,-0.23864673,0.59829444,1598.34,1598.34,955.47516,717.836, , 
67409.119423666,1548,-1.8525271470779128,-0.12567568,2.5030963940963504,0.6341622,-0.42766407,-0.24039884,0.5976204,1596.0804,1596.0804,955.47107,717.8358, , 
67409.152762083,1549,-1.8710134481096334,-0.12523374,2.5040165367400595,0.6319149,-0.4281936,-0.24338475,0.59841275,1596.0804,1596.0804,955.46564,717.8388, , 
67409.169431125,1550,-1.8753560112927374,-0.12577346,2.499582011194827,0.6307497,-0.42769915,-0.24486987,0.59938896,1596.0804,1596.0804,955.46484,717.84076, , 
67409.202769541,1551,-1.8965528660101625,-0.124648765,2.493744104917261,0.62967265,-0.4265187,-0.24965851,0.59938693,1593.8209,1593.8209,955.4595,717.8386, , 
67409.21943875,1552,-1.9139205155754297,-0.12369842,2.4977611915967395,0.6294216,-0.42619473,-0.25299183,0.5984827,1593.8209,1593.8209,955.45496,717.8352, , 
67409.236107791,1553,-1.915139704569769,-0.122785896,2.4902883639056395,0.6291428,-0.4259034,-0.25633433,0.5975603,1593.369,1593.369,955.4501,717.83154, , 
67409.269446208,1554,-1.9328140242207763,-0.12194231,2.497111752854892,0.6288253,-0.42431682,-0.26132601,0.5968607,1591.5614,1591.5614,955.4425,717.8246, , 
67409.286115375,1555,-1.9428487504111287,-0.12166584,2.4924996151328944,0.62885416,-0.42259097,-0.26290894,0.59735936,1591.5614,1591.5614,955.4419,717.8224, , 
67409.319453583,1556,-1.9574899527366196,-0.12115336,2.4881321550096307,0.628885,-0.4172223,-0.26591873,0.5997637,1586.5905,1586.5905,955.44434,717.81793, , 
67409.336122875,1557,-1.9663177538784617,-0.12094699,2.4877072932183966,0.62867403,-0.41373008,-0.26793656,0.60150343,1586.5905,1586.5905,955.4461,717.8161, , 
67409.352792083,1558,-1.975992160285988,-0.12078022,2.4899014691293324,0.62843484,-0.4099058,-0.27001253,0.6034402,1587.0424,1587.0424,955.44794,717.8143, , 
67409.386130291,1559,-1.9854489661645232,-0.12107513,2.4813706491994934,0.6281134,-0.40207973,-0.27326304,0.60756296,1596.0804,1596.0804,955.45435,717.81055, , 
67409.4027995,1560,-1.996442048265332,-0.12121649,2.490657516479405,0.62791526,-0.39845845,-0.27412796,0.6097599,1596.0804,1596.0804,955.45795,717.8099, , 
67409.436137833,1561,-2.0119286635846696,-0.12129898,2.480757755467534,0.62647074,-0.39276242,-0.27473953,0.6146465,1596.0804,1596.0804,955.4673,717.8134, , 
67409.452806958,1562,-2.0202354748356344,-0.12128597,2.48611031477271,0.6250844,-0.3907097,-0.27516595,0.6171703,1596.0804,1596.0804,955.4705,717.81696, , 
67409.486145416,1563,-2.030947835054668,-0.12082814,2.4783965694487406,0.62165886,-0.38763267,-0.27726915,0.6216131,1596.0804,1596.0804,955.4746,717.82605, , 
67409.5028145,1564,-2.0449024134130602,-0.120555446,2.482284353468677,0.6198911,-0.38626945,-0.279003,0.6234486,1596.0804,1596.0804,955.4748,717.8292, , 
67409.51948375,1565,-2.044891394457313,-0.120314844,2.4713126997699306,0.6179973,-0.3848539,-0.2810674,0.6252743,1596.0804,1596.0804,955.47437,717.833, , 
67409.552822,1566,-2.063418595398482,-0.120130956,2.474447327874591,0.614208,-0.3812257,-0.2852374,0.6293291,1596.0804,1596.0804,955.4741,717.8386, , 
67409.569491208,1567,-2.0650605110468065,-0.12027369,2.468920536264779,0.612515,-0.37886134,-0.28698733,0.63160723,1596.0804,1596.0804,955.4754,717.8421, , 
67409.602829458,1568,-2.0800861753014863,-0.12074551,2.462590688892123,0.6096172,-0.37322247,-0.2904973,0.6361472,1595.6285,1595.6285,955.4789,717.84625, , 
67409.619498625,1569,-2.090420058588213,-0.1210381,2.464721478354102,0.60822845,-0.37025693,-0.29269892,0.6381969,1595.6285,1595.6285,955.4805,717.8478, , 
67409.652837,1570,-2.108564756552637,-0.121760875,2.456479054293657,0.6049799,-0.36404562,-0.29852074,0.6421491,1595.6285,1595.6285,955.48096,717.8491, , 
67409.66950625,1571,-2.114155941095122,-0.12221501,2.452289819397067,0.60331804,-0.36078772,-0.30168858,0.644068,1595.6285,1595.6285,955.4808,717.8494, , 
67409.702844458,1572,-2.1295595372737632,-0.124205075,2.448173830431159,0.5999588,-0.35417578,-0.30788583,0.6479315,1595.6285,1595.6285,955.4808,717.85004, , 
67409.719513708,1573,-2.1432016002252756,-0.124933004,2.443147061925482,0.59796816,-0.35092285,-0.3112095,0.64995056,1595.6285,1595.6285,955.48065,717.85065, , 
67409.736182916,1574,-2.1481165104579145,-0.12564182,2.4413361028012415,0.5957662,-0.347743,-0.3148851,0.6519086,1596.0804,1596.0804,955.4795,717.8516, , 
67409.769521083,1575,-2.1662480389026646,-0.12704265,2.4345248254909064,0.5910645,-0.34120113,-0.32319143,0.6555699,1596.0804,1596.0804,955.4762,717.85223, , 
67409.786190333,1576,-2.1685179518031585,-0.1285225,2.434389620981473,0.58867466,-0.33779356,-0.32747906,0.65735465,1596.0804,1596.0804,955.47375,717.8521, , 
67409.819528708,1577,-2.1850006033618086,-0.13015872,2.42307718385418,0.58391905,-0.3311008,-0.3362207,0.66058034,1596.0804,1596.0804,955.4697,717.85144, , 
67409.836197708,1578,-2.2010063321480176,-0.13058029,2.417026588950081,0.58159244,-0.32812396,-0.3409764,0.6616796,1596.0804,1596.0804,955.46576,717.84985, , 
67409.852866958,1579,-2.2092376856641005,-0.13077217,2.4176647798578226,0.5790191,-0.32521343,-0.34631673,0.66259927,1596.0804,1596.0804,955.46155,717.8478, , 
67409.886205375,1580,-2.230825993646147,-0.1312006,2.406194996856081,0.572809,-0.31653872,-0.35651132,0.66677785,1596.0804,1596.0804,955.456,717.8469, , 
67409.902874416,1581,-2.2357630292109874,-0.13106644,2.4005372466361186,0.5702665,-0.31038845,-0.3606033,0.669642,1596.0804,1596.0804,955.4574,717.8473, , 
67409.936212791,1582,-2.25244666818347,-0.12948443,2.3931353926706254,0.56757337,-0.29779485,-0.36926585,0.6729201,1596.0804,1596.0804,955.46075,717.8411, , 
67409.952882,1583,-2.257976372778818,-0.1281384,2.3991632997801764,0.5661747,-0.29256058,-0.37479854,0.6733354,1596.0804,1596.0804,955.4591,717.833, , 
67409.969551125,1584,-2.275487715941707,-0.12666842,2.390495734193553,0.56374687,-0.2880095,-0.3810433,0.67382944,1596.0804,1596.0804,955.45575,717.82745, , 
67410.002889375,1585,-2.2871169648402,-0.121301815,2.392883892361159,0.55582815,-0.27881297,-0.39328995,0.67723066,1596.0804,1596.0804,955.447,717.82355, , 
67410.019558666,1586,-2.2995427130391928,-0.11978957,2.3826380649569754,0.55171835,-0.27319,-0.39794087,0.6801596,1596.0804,1596.0804,955.44635,717.82556, , 
67410.036227833,1587,-2.3105296977370733,-0.118365385,2.380364587068265,0.5483488,-0.26678732,-0.40151507,0.68331814,1595.6285,1595.6285,955.44806,717.8279, , 
67410.069566041,1588,-2.327091103193493,-0.11517897,2.3862797993290443,0.5439191,-0.25383312,-0.4078379,0.6880326,1596.0804,1596.0804,955.45526,717.82886, , 
67410.08623525,1589,-2.3381493030609337,-0.113683976,2.378346934384473,0.5422501,-0.24798667,-0.41159776,0.6892422,1596.0804,1596.0804,955.45703,717.82635, , 
67410.1029045,1590,-2.3426666136215815,-0.11205378,2.3779134931053902,0.54048854,-0.24252574,-0.41605863,0.6898902,1596.0804,1596.0804,955.4573,717.82245, , 
67410.119573708,1591,-2.351481551845254,-0.110539146,2.3778259653881375,0.53835285,-0.23699246,-0.42099074,0.6904908,1596.0804,1596.0804,955.4564,717.81635, , 
67410.152911916,1592,-2.3624755354858817,-0.10847176,2.3766318516376113,0.53237486,-0.22441989,-0.43090355,0.69320613,1596.0804,1596.0804,955.456,717.8103, , 
67410.169581125,1593,-2.377051012480504,-0.10820985,2.3836452799441656,0.52861065,-0.21721314,-0.4355274,0.6954891,1596.0804,1596.0804,955.4573,717.8097, , 
67410.186250291,1594,-2.3890193891650657,-0.10806419,2.3782194281470685,0.5244593,-0.20975286,-0.4401542,0.6980046,1590.6576,1590.6576,955.4588,717.81036, , 
67410.202919375,1595,-2.3937705088459476,-0.10806099,2.3860939169747577,0.52008784,-0.20204768,-0.44490024,0.700535,1590.6576,1590.6576,955.46027,717.81134, , 
67410.236257666,1596,-2.4039031182847324,-0.10841747,2.3855912024622925,0.5113034,-0.18561417,-0.45449066,0.7053754,1590.2057,1590.2057,955.4646,717.8131, , 
67410.252927,1597,-2.4162458352635134,-0.10872443,2.4001304283060687,0.5071273,-0.1769035,-0.45910087,0.7076394,1592.9171,1592.9171,955.4673,717.8134, , 
67410.269596125,1598,-2.420898993480093,-0.10910394,2.3981106411159314,0.5030142,-0.1680809,-0.46348453,0.70986444,1592.4652,1592.4652,955.47144,717.8139, , 
67410.286265208,1599,-2.4250789615665993,-0.110073306,2.403613826801426,-0.49868274,0.15931277,0.46775004,-0.7121409,1592.4652,1592.4652,955.47473,717.8149, , 
67410.319603625,1600,-2.444199316695795,-0.111292765,2.404584236401163,-0.48881787,0.14287885,0.47652408,-0.7166363,1595.1766,1595.1766,955.4798,717.81903, , 
67410.336272791,1601,-2.4437118025260025,-0.111829415,2.415893821722907,-0.4835801,0.13552769,0.48096544,-0.7186479,1595.1766,1595.1766,955.4805,717.82104, , 
67410.35294175,1602,-2.4511506477558274,-0.11236594,2.418106488788806,-0.4783752,0.1285572,0.48536617,-0.72045124,1595.1766,1595.1766,955.48065,717.82306, , 
67410.369611,1603,-2.459704902253297,-0.112915106,2.4227302262608905,-0.47322816,0.12166008,0.4897584,-0.7220739,1595.1766,1595.1766,955.48065,717.8251, , 
67410.402949416,1604,-2.470217896545669,-0.11582527,2.434154194826803,-0.46298954,0.10774728,0.49863005,-0.72484434,1597.8881,1597.8881,955.4805,717.82715, , 
67410.419618416,1605,-2.4770795655347086,-0.11650805,2.4447010202755455,-0.45776153,0.10080231,0.5032586,-0.7259642,1597.4362,1597.4362,955.48004,717.8277, , 
67410.436287625,1606,-2.482098711367211,-0.117074,2.4477211586518504,-0.45246038,0.093748786,0.5080257,-0.7269117,1597.4362,1597.4362,955.4791,717.8278, , 
67410.452956833,1607,-2.4870624269644113,-0.11757619,2.451478168264487,-0.44712842,0.08659671,0.512953,-0.7276375,1599.6957,1599.6957,955.47833,717.8274, , 
67410.469626,1608,-2.4910330616586296,-0.11802414,2.4565313118668053,-0.44178376,0.07948413,0.5179996,-0.7281385,1599.6957,1599.6957,955.47736,717.8263, , 
67410.502964291,1609,-2.501060583677657,-0.12026087,2.468116595647333,-0.4312945,0.06631258,0.52813023,-0.72846836,1599.6957,1599.6957,955.4735,717.8224, , 
67410.519633458,1610,-2.5076062982388723,-0.12065333,2.473809855876695,-0.42614552,0.060201224,0.5330982,-0.72841066,1601.9552,1601.9552,955.4713,717.82025, , 
67410.536302666,1611,-2.512808447639233,-0.12090919,2.4799202837624748,-0.4212478,0.054127626,0.5378347,-0.72825426,1601.9552,1601.9552,955.4689,717.81714, , 
67410.552971875,1612,-2.508081338372398,-0.121077664,2.4825713364395794,-0.41677606,0.047914006,0.5423235,-0.7279335,1601.9552,1601.9552,955.4677,717.8145, , 
67410.586310125,1613,-2.524261025956956,-0.12251156,2.496199220680186,-0.40947962,0.035456434,0.5510858,-0.726205,1604.2147,1604.2147,955.46704,717.8051, , 
67410.60297925,1614,-2.525293940325753,-0.12253764,2.4976021722838477,-0.4060823,0.029022578,0.55540985,-0.72510326,1604.2147,1604.2147,955.4674,717.80023, , 
67410.6196485,1615,-2.5251978983162116,-0.12243897,2.509540517807029,-0.40280673,0.022240728,0.55950356,-0.72402203,1604.2147,1604.2147,955.4683,717.7956, , 
67410.652986708,1616,-2.5337753842047332,-0.122061566,2.5219698582623495,-0.3969094,0.006657305,0.5666011,-0.7220678,1608.2819,1608.2819,955.4753,717.78644, , 
67410.669655875,1617,-2.5427765696955467,-0.12189582,2.5240387545840326,-0.3944763,-0.0024572108,0.569354,-0.7212617,1608.7338,1608.7338,955.4813,717.7838, , 
67410.686325083,1618,-2.5352699493555635,-0.12270312,2.5370473914492493,-0.39235783,-0.012031322,0.57201576,-0.72021425,1608.7338,1608.7338,955.49133,717.7805, , 
67410.719663291,1619,-2.5400038827360536,-0.12230731,2.541409793914187,-0.3875467,-0.03046709,0.57884616,-0.71680987,1603.7628,1603.7628,955.50507,717.77203, , 
67410.736332458,1620,-2.5480284891050324,-0.12174128,2.5484586880649913,-0.38414872,-0.038838062,0.5832014,-0.71470094,1604.2147,1604.2147,955.5097,717.7663, , 
67410.75300175,1621,-2.5523259273959256,-0.12118493,2.5561824751161843,-0.3795532,-0.0467173,0.5879555,-0.712787,1604.2147,1604.2147,955.5127,717.75934, , 
67410.786340166,1622,-2.5458560188749995,-0.12159252,2.5640174018477118,-0.367199,-0.062040552,0.5973562,-0.71026856,1604.2147,1604.2147,955.5125,717.75385, , 
67410.803009208,1623,-2.5480800565885033,-0.12186986,2.5657552636983962,-0.36009413,-0.06998874,0.6016112,-0.7095757,1604.2147,1604.2147,955.5118,717.7537, , 
67410.819678416,1624,-2.5487667495789093,-0.12195901,2.5735694673746297,-0.35264307,-0.078083836,0.60570955,-0.7089864,1604.2147,1604.2147,955.5111,717.75446, , 
67410.836347583,1625,-2.5505899040639024,-0.1219965,2.575447825980893,-0.34495017,-0.086381316,0.60977954,-0.7083195,1604.2147,1604.2147,955.51025,717.75543, , 
67410.853016708,1626,-2.549995050457235,-0.122042745,2.5843329991390838,-0.33721995,-0.09518513,0.613701,-0.7075264,1604.2147,1604.2147,955.50995,717.7565, , 
67410.869685833,1627,-2.5474712255011016,-0.12210944,2.5876320836163234,-0.3296629,-0.10457049,0.6173371,-0.7065991,1604.2147,1604.2147,955.5111,717.7582, , 
67410.886354958,1628,-2.527573684679994,-0.123710856,2.596146047685032,-0.32230172,-0.11444445,0.6209469,-0.7053006,1604.2147,1604.2147,955.51306,717.7599, , 
67410.903024208,1629,-2.529430192415675,-0.124344274,2.6053900973970237,-0.31458753,-0.124914445,0.62413764,-0.7041897,1604.2147,1604.2147,955.5156,717.7623, , 
67410.919693416,1630,-2.526913008555058,-0.12464319,2.614352277486626,-0.30648878,-0.13599923,0.62708575,-0.7030877,1604.2147,1604.2147,955.51984,717.7668, , 
67410.953031583,1631,-2.5118257218030147,-0.12502304,2.621506281403181,-0.28977013,-0.15970963,0.6325928,-0.70025176,1604.2147,1604.2147,955.52795,717.7745, , 
67410.969700833,1632,-2.5145743366293267,-0.12582818,2.625009187269228,-0.28120983,-0.17212814,0.63516486,-0.6984686,1604.2147,1604.2147,955.53436,717.78, , 
67410.986370041,1633,-2.507046953823655,-0.12626131,2.625675072598889,-0.27245522,-0.1847584,0.6375622,-0.69652486,1603.7628,1603.7628,955.5394,717.7846, , 
67411.00303925,1634,-2.505645381334473,-0.12659124,2.6278972622884207,-0.26340246,-0.19739965,0.6398564,-0.6944324,1603.7628,1603.7628,955.54443,717.7894, , 
67411.036377458,1635,-2.4955239556195705,-0.12714227,2.6331026522666914,-0.24456234,-0.22218128,0.6442974,-0.6897141,1604.2147,1604.2147,955.5541,717.80096, , 
67411.053046666,1636,-2.4930096550255634,-0.12736335,2.640777110086268,-0.23493814,-0.23429477,0.6465716,-0.6869172,1604.2147,1604.2147,955.5575,717.80536, , 
67411.069715875,1637,-2.4934791325312338,-0.12750396,2.635893151727626,-0.22519468,-0.24624507,0.6489894,-0.6837131,1604.2147,1604.2147,955.5615,717.8103, , 
67411.103054125,1638,-2.4860983148388596,-0.12770638,2.6425020178899463,-0.20462625,-0.26984683,0.6542731,-0.6761934,1604.2147,1604.2147,955.5656,717.81537, , 
67411.11972325,1639,-2.4811036186070803,-0.12780659,2.646538469781724,-0.19338822,-0.2818043,0.6569817,-0.6719839,1604.2147,1604.2147,955.5669,717.8183, , 
67411.1363925,1640,-2.4763420359841897,-0.12793864,2.6367902431732473,-0.18160528,-0.29385337,0.6595768,-0.66755384,1604.2147,1604.2147,955.56726,717.8206, , 
67411.153061625,1641,-2.477014349932617,-0.12808144,2.6421285062312694,-0.16951121,-0.30578104,0.66212845,-0.66283464,1604.2147,1604.2147,955.567,717.8228, , 
67411.186399875,1642,-2.473402136044756,-0.12857564,2.6357966557766166,0.14511853,0.3288546,-0.66714185,0.65246993,1604.2147,1604.2147,955.56506,717.8257, , 
67411.203069083,1643,-2.4655592406348816,-0.12889859,2.63642198020467,0.13301107,0.34027073,-0.66932756,0.6469346,1604.2147,1604.2147,955.56433,717.82654, , 
67411.219738333,1644,-2.463094110142118,-0.12926757,2.635701514323433,0.12081297,0.3516884,-0.67121613,0.6412397,1604.2147,1604.2147,955.56384,717.82776, , 
67411.236407458,1645,-2.4606762414194483,-0.12965554,2.6277415696190127,0.10836431,0.3629508,-0.67295474,0.6353391,1604.2147,1604.2147,955.5627,717.82935, , 
67411.253076458,1646,-2.460619343578749,-0.13000806,2.622626867915832,0.09564547,0.3738371,-0.6747126,0.62917453,1604.2147,1604.2147,955.5611,717.82983, , 
67411.286414916,1647,-2.4516498644377718,-0.12642598,2.6179083137050747,0.070184745,0.39443958,-0.67825395,0.6160058,1604.2147,1604.2147,955.5553,717.82806, , 
67411.303084125,1648,-2.4569173981849435,-0.12521994,2.6148342907506956,0.057683613,0.40445563,-0.67975104,0.60911965,1604.2147,1604.2147,955.55304,717.8268, , 
67411.319753166,1649,-2.4517596786294265,-0.12477246,2.607056944035438,0.045196906,0.41437128,-0.68094873,0.60213166,1603.7628,1603.7628,955.55096,717.8256, , 
67411.336422333,1650,-2.445305599448774,-0.12446885,2.5988327449936,0.03258977,0.42432123,-0.6817981,0.59501326,1603.7628,1603.7628,955.5484,717.8245, , 
67411.3530915,1651,-2.451648588018683,-0.12413503,2.596888152678075,0.019880991,0.4345768,-0.68224394,0.58761466,1603.7628,1603.7628,955.5469,717.82434, , 
67411.369760791,1652,-2.4465620917488216,-0.12370944,2.5841124666278503,0.0071945763,0.44519854,-0.6822876,0.5798534,1603.7628,1603.7628,955.5461,717.8247, , 
67411.403099,1653,-2.4465062403720776,-0.121677026,2.567931343368182,-0.017905978,0.46637952,-0.68189913,0.56319004,1604.2147,1604.2147,955.5457,717.8258, , 
67411.419768166,1654,-2.4469259527084875,-0.120582275,2.56416893081389,-0.030336924,0.47601348,-0.6817265,0.554743,1604.2147,1604.2147,955.54504,717.8251, , 
67411.436437375,1655,-2.453774077237028,-0.11926557,2.561756078343698,-0.04229289,0.48500445,-0.6815729,0.546297,1604.2147,1604.2147,955.54376,717.8229, , 
67411.453106541,1656,-2.4464261203980504,-0.117794484,2.54507691837058,-0.0533127,0.4938577,-0.68124276,0.53774583,1604.2147,1604.2147,955.544,717.82117, , 
67411.469775583,1657,-2.4498227587651864,-0.11640103,2.5379094181674997,-0.06315613,0.502789,-0.6807569,0.5289466,1603.7628,1603.7628,955.5462,717.82007, , 
67411.503114,1658,-2.4510976805689153,-0.11591782,2.5198133209283315,-0.0800687,0.5193419,-0.68032384,0.5109134,1604.2147,1604.2147,955.5555,717.81604, , 
67411.519783125,1659,-2.4526215741233703,-0.1137666,2.5125351736600163,-0.088023484,0.52643895,-0.6801929,0.5024455,1604.2147,1604.2147,955.5592,717.8134, , 
67411.536452375,1660,-2.4544550421987785,-0.111177355,2.5023422358872867,-0.09562721,0.53268814,-0.67997503,0.49470466,1604.2147,1604.2147,955.562,717.8107, , 
67411.553121375,1661,-2.452277665397192,-0.10832369,2.4981021979123064,-0.10269916,0.5381332,-0.67955023,0.48793122,1604.2147,1604.2147,955.56445,717.80786, , 
67411.586459791,1662,-2.455590826508298,-0.104203835,2.479547857419089,-0.11593986,0.54759234,-0.6774157,0.4772928,1604.2147,1604.2147,955.5648,717.807, , 
67411.603128958,1663,-2.4673460957160516,-0.10163185,2.4715827478882892,-0.122605905,0.5520763,-0.67540824,0.47328988,1604.2147,1604.2147,955.5627,717.80994, , 
67411.619797958,1664,-2.4658960387387863,-0.09862806,2.469227886740014,-0.12949136,0.556387,-0.6730211,0.469796,1604.2147,1604.2147,955.56006,717.8133, , 
67411.653136416,1665,-2.4676612336456585,-0.09218249,2.44710796181478,-0.14408757,0.56372875,-0.6683788,0.46337727,1604.2147,1604.2147,955.55176,717.8186, , 
67411.669805625,1666,-2.4754041469279646,-0.08890493,2.4470946389748116,-0.15148343,0.5666648,-0.6664604,0.4601893,1604.2147,1604.2147,955.5448,717.81976, , 
67411.686474791,1667,-2.4664882831565698,-0.090393886,2.4386269675524193,-0.15853457,0.5693022,-0.6649084,0.45679176,1601.9552,1601.9552,955.53955,717.8195, , 
67411.719813041,1668,-2.4759558160208437,-0.08658248,2.4239641761203132,-0.17162904,0.574123,-0.6620124,0.4501843,1601.9552,1601.9552,955.529,717.8174, , 
67411.736482166,1669,-2.4730025694330497,-0.08422309,2.4205859617405943,-0.1775525,0.5766293,-0.6604339,0.4469909,1601.9552,1601.9552,955.5255,717.817, , 
67411.753151416,1670,-2.4749350111257047,-0.08200563,2.4140334727953667,-0.18310146,0.57912993,-0.65876883,0.44396615,1599.6957,1599.6957,955.52234,717.81714, , 
67411.786489625,1671,-2.47741223385017,-0.08101331,2.4055724856181957,-0.19329126,0.58362323,-0.6558774,0.43800375,1600.1476,1600.1476,955.5161,717.81714, , 
67411.803158833,1672,-2.4801120597257826,-0.08019175,2.3989837041758637,-0.19812931,0.58539873,-0.6547953,0.4350818,1600.1476,1600.1476,955.51355,717.8161, , 
67411.836497083,1673,-2.478428387472658,-0.07769952,2.3958879916518994,-0.20693874,0.5886009,-0.6530923,0.42918032,1596.9843,1596.9843,955.5082,717.8118, , 
67411.853166208,1674,-2.476877625356253,-0.07675584,2.389058854492439,-0.21048449,0.5905451,-0.6523285,0.42593455,1596.9843,1596.9843,955.5075,717.8104, , 
67411.869835416,1675,-2.4743591494081403,-0.076100476,2.3852045103828994,-0.21324097,0.59278286,-0.65168583,0.4224245,1596.9843,1596.9843,955.5089,717.8093, , 
67411.903173833,1676,-2.4761265703488515,-0.07816136,2.3698589746922485,-0.21685332,0.5972636,-0.6510143,0.41524836,1595.1766,1595.1766,955.51483,717.8084, , 
67411.919842875,1677,-2.4759619737074416,-0.07835268,2.3688007744160786,-0.21812941,0.5993679,-0.6507572,0.4119379,1595.1766,1595.1766,955.5183,717.80817, , 
67411.936512125,1678,-2.4747156562581605,-0.07844431,2.370006075119893,-0.21958561,0.6011995,-0.6504718,0.40893477,1595.1766,1595.1766,955.52216,717.80756, , 
67411.969850375,1679,-2.4682090071250467,-0.078725815,2.362081993603,-0.22280933,0.60520184,-0.64905185,0.40350762,1592.9171,1592.9171,955.5263,717.80804, , 
67411.986519666,1680,-2.469357319836291,-0.081694774,2.355942278472363,-0.22419322,0.6075785,-0.647943,0.40094352,1592.4652,1592.4652,955.5299,717.81116, , 
67412.003188708,1681,-2.471032246572859,-0.083012514,2.3524927521883168,-0.22491238,0.6101273,-0.64675075,0.39858833,1592.4652,1592.4652,955.5333,717.8145, , 
67412.036527083,1682,-2.470999239016476,-0.08413623,2.350729504474995,-0.22569089,0.61423576,-0.64523184,0.3942765,1590.2057,1590.2057,955.54156,717.8203, , 
67412.053196291,1683,-2.4677679472755267,-0.08422516,2.339229035280086,-0.22657277,0.61516625,-0.64513665,0.3924716,1590.2057,1590.2057,955.5434,717.8201, , 
67412.086534541,1684,-2.466173008641907,-0.08688139,2.334404447025211,-0.23013653,0.61562043,-0.6452394,0.3895057,1587.0424,1587.0424,955.5425,717.8161, , 
67412.103203708,1685,-2.4636703406417086,-0.087538086,2.329792463769839,-0.23205522,0.61616457,-0.6447799,0.38826597,1587.0424,1587.0424,955.5413,717.8153, , 
67412.119872833,1686,-2.4576470380494015,-0.0877169,2.3352615214131376,-0.23376322,0.6169791,-0.6440756,0.38711518,1587.0424,1587.0424,955.5405,717.81537, , 
67412.153211041,1687,-2.4583681409208826,-0.08749029,2.324096410536874,-0.23670214,0.61866647,-0.6428505,0.38466483,1599.6957,1599.6957,955.5398,717.8161, , 
67412.169880333,1688,-2.459169557588076,-0.08714249,2.3260073651489055,-0.23795763,0.6192961,-0.64253634,0.38339993,1599.6957,1599.6957,955.5397,717.81573, , 
67412.203218625,1689,-2.4588227390461754,-0.086271524,2.324429885955138,-0.24070062,0.6197562,-0.64215434,0.38158002,1599.6957,1599.6957,955.53876,717.81433, , 
67412.219887666,1690,-2.4551063031251332,-0.08560817,2.317439902244626,-0.24175496,0.6193668,-0.6422945,0.3813098,1599.6957,1599.6957,955.5375,717.81305, , 
67412.253226083,1691,-2.4643297622660163,-0.083968334,2.3175149941121997,-0.24301822,0.6174767,-0.6432444,0.38197032,1599.6957,1599.6957,955.5333,717.80774, , 
67412.269895291,1692,-2.4600412788966204,-0.08310296,2.3164374977716022,-0.24362634,0.61637837,-0.6436111,0.38273832,1599.6957,1599.6957,955.5309,717.80566, , 
67412.286564333,1693,-2.4629940443187506,-0.08298302,2.313516622606089,-0.24458693,0.6151553,-0.6438753,0.38364813,1599.6957,1599.6957,955.5281,717.804, , 
67412.31990275,1694,-2.4633327880180764,-0.08189089,2.3164520945879556,-0.24538249,0.6135311,-0.64410347,0.38535395,1599.6957,1599.6957,955.5228,717.80194, , 
67412.336571875,1695,-2.4640934430071475,-0.08133198,2.306511970202991,-0.24547845,0.6131758,-0.64412296,0.38582548,1599.6957,1599.6957,955.5218,717.8016, , 
67412.369910083,1696,-2.4662028576231148,-0.080173224,2.310993672341166,-0.24635999,0.6128123,-0.6438881,0.386233,1599.6957,1599.6957,955.5196,717.8013, , 
67412.386579291,1697,-2.4619080894403687,-0.082146674,2.314335182980921,-0.24768603,0.6124139,-0.64376175,0.38622746,1599.6957,1599.6957,955.5178,717.80066, , 
67412.4032485,1698,-2.469430871522951,-0.08236667,2.316125449035588,-0.2493128,0.6121346,-0.6433837,0.38625368,1600.1476,1600.1476,955.51526,717.79987, , 
67412.436586708,1699,-2.4616777584062333,-0.081968054,2.3088926971485955,-0.2512774,0.61244977,-0.6419923,0.38679567,1600.1476,1600.1476,955.5105,717.8008, , 
67412.453255916,1700,-2.4603738904894175,-0.081860214,2.314400930545343,-0.25138807,0.61280197,-0.6412012,0.38747755,1599.6957,1599.6957,955.5097,717.803, , 
67412.469925083,1701,-2.4650568095401417,-0.081766635,2.312861368114238,-0.25139698,0.6130054,-0.6405758,0.3881838,1599.6957,1599.6957,955.50867,717.8058, , 
67412.5032635,1702,-2.4643783994883792,-0.08244029,2.312462422836639,-0.25102156,0.61263144,-0.6405929,0.3889879,1599.6957,1599.6957,955.5078,717.807, , 
67412.519932583,1703,-2.455386087403831,-0.082370244,2.30654359928336,-0.25046995,0.612254,-0.64102393,0.38922754,1599.6957,1599.6957,955.5083,717.8063, , 
67412.553270958,1704,-2.463159589798137,-0.08223558,2.3067312173318846,-0.24905393,0.61135423,-0.6419736,0.38998473,1599.6957,1599.6957,955.509,717.8052, , 
67412.569940125,1705,-2.461360314672189,-0.08251926,2.312220424447018,-0.24836382,0.61080384,-0.6425716,0.39030215,1599.6957,1599.6957,955.5096,717.8042, , 
67412.586609166,1706,-2.4623209615082686,-0.08309464,2.3112653603148128,-0.24768943,0.6103391,-0.64320016,0.39042243,1599.6957,1599.6957,955.51013,717.8033, , 
67412.619947583,1707,-2.461200092495849,-0.08335365,2.3119175986535345,-0.24602664,0.61014426,-0.6439811,0.3904911,1600.1476,1600.1476,955.5128,717.8028, , 
67412.63661675,1708,-2.461164145275423,-0.083388045,2.309054762196297,-0.24523047,0.6101599,-0.64414257,0.39070094,1600.1476,1600.1476,955.514,717.80334, , 
67412.653285958,1709,-2.4653828044368633,-0.08333401,2.3174258712919866,-0.24475046,0.6099444,-0.6442584,0.3911471,1600.1476,1600.1476,955.51434,717.80365, , 
67412.686624041,1710,-2.452170007235538,-0.08363019,2.312979271328019,-0.24474902,0.609494,-0.64408326,0.3921373,1600.1476,1600.1476,955.5128,717.80414, , 
67412.703293375,1711,-2.4614477857821924,-0.083726525,2.3220616378370336,-0.24480538,0.60964817,-0.64370507,0.39248332,1600.1476,1600.1476,955.5124,717.8051, , 
67412.736631416,1712,-2.4581363114200188,-0.08364721,2.313805636633239,-0.24465662,0.6098048,-0.64300513,0.39347887,1600.1476,1600.1476,955.51135,717.8079, , 
67412.75330075,1713,-2.4595740071035723,-0.08353661,2.3160072160680487,-0.24438901,0.6095403,-0.64298373,0.39408955,1599.6957,1599.6957,955.51086,717.8085, , 
67412.769969958,1714,-2.455091009488194,-0.08375231,2.3177443424419613,-0.24386081,0.60900223,-0.64326423,0.3947902,1599.6957,1599.6957,955.5105,717.8084, , 
